date,straddle_entry,straddle_exit,pl_points,pl_dollars
2021-10-25 11:00:00,13.89,15.279,-1.39,-138.9
2021-10-25 12:00:00,13.89,15.279,-1.39,-138.9
2021-10-25 13:00:00,13.89,15.279,-1.39,-138.9
2021-10-25 14:00:00,13.89,15.279,-1.39,-138.9
2021-10-25 15:00:00,13.89,15.279,-1.39,-138.9
2021-10-27 11:00:00,14.4,15.84,-1.44,-144.0
2021-10-27 12:00:00,14.4,15.84,-1.44,-144.0
2021-10-27 13:00:00,14.4,15.84,-1.44,-144.0
2021-10-27 14:00:00,14.4,15.84,-1.44,-144.0
2021-10-27 15:00:00,14.4,15.84,-1.44,-144.0
2021-10-29 11:00:00,16.8,18.480000000000004,-1.68,-168.0
2021-10-29 09:30:00,0.0,0.0,0.0,
2021-11-01 11:00:00,16.44,18.084000000000003,-1.64,-164.4
2021-11-01 12:00:00,16.44,18.084000000000003,-1.64,-164.4
2021-11-01 09:30:00,0.0,0.0,0.0,
2021-11-03 11:00:00,22.5,23.18,-0.68,-68.0
2021-11-03 12:00:00,22.5,22.2,0.3,30.0
2021-11-03 13:00:00,22.5,21.1,1.4,140.0
2021-11-03 14:00:00,22.5,24.34,-1.84,-184.0
2021-11-03 15:00:00,22.5,24.75,-2.25,-225.0
2021-11-05 11:00:00,15.3,16.830000000000002,-1.53,-153.0
2021-11-05 12:00:00,15.3,16.830000000000002,-1.53,-153.0
2021-11-05 13:00:00,15.3,16.830000000000002,-1.53,-153.0
2021-11-05 14:00:00,15.3,16.830000000000002,-1.53,-153.0
2021-11-05 15:00:00,15.3,16.830000000000002,-1.53,-153.0
2021-11-08 11:00:00,15.15,16.665000000000003,-1.52,-151.5
2021-11-08 12:00:00,15.15,16.665000000000003,-1.52,-151.5
2021-11-08 13:00:00,15.15,16.665000000000003,-1.52,-151.5
2021-11-08 14:00:00,15.15,16.665000000000003,-1.52,-151.5
2021-11-08 15:00:00,15.15,16.665000000000003,-1.52,-151.5
2021-11-10 11:00:00,16.0,14.170000000000002,1.83,183.0
2021-11-10 12:00:00,16.0,12.07,3.93,393.0
2021-11-10 13:00:00,16.0,9.870000000000001,6.13,613.0
2021-11-10 14:00:00,16.0,7.770000000000001,8.23,823.0
2021-11-10 15:00:00,16.0,7.490000000000001,8.51,851.0
2021-11-12 11:00:00,15.64,17.204,-1.56,-156.4
2021-11-12 12:00:00,15.64,17.204,-1.56,-156.4
2021-11-12 13:00:00,15.64,17.204,-1.56,-156.4
2021-11-12 14:00:00,15.64,17.204,-1.56,-156.4
2021-11-12 09:30:00,0.0,0.0,0.0,
2021-11-15 11:00:00,13.7,15.070000000000002,-1.37,-137.0
2021-11-15 12:00:00,13.7,15.070000000000002,-1.37,-137.0
2021-11-15 13:00:00,13.7,15.070000000000002,-1.37,-137.0
2021-11-15 14:00:00,13.7,15.070000000000002,-1.37,-137.0
2021-11-15 15:00:00,13.7,15.070000000000002,-1.37,-137.0
2021-11-17 11:00:00,14.7,10.6,4.1,410.0
2021-11-17 12:00:00,14.7,9.12,5.58,558.0
2021-11-17 13:00:00,14.7,11.95,2.75,275.0
2021-11-17 14:00:00,14.7,9.25,5.45,545.0
2021-11-17 09:30:00,0.0,0.0,0.0,
2021-11-19 09:30:00,0.0,0.0,0.0,
2021-11-22 11:00:00,13.29,14.619,-1.33,-132.9
2021-11-22 12:00:00,13.29,14.619,-1.33,-132.9
2021-11-22 13:00:00,13.29,14.619,-1.33,-132.9
2021-11-22 14:00:00,13.29,14.619,-1.33,-132.9
2021-11-22 15:00:00,13.29,14.619,-1.33,-132.9
2021-11-24 11:00:00,23.67,26.037000000000003,-2.37,-236.7
2021-11-24 12:00:00,23.67,26.037000000000003,-2.37,-236.7
2021-11-24 13:00:00,23.67,26.037000000000003,-2.37,-236.7
2021-11-24 14:00:00,23.67,26.037000000000003,-2.37,-236.7
2021-11-24 09:30:00,0.0,0.0,0.0,
2021-11-26 11:00:00,25.85,28.435000000000002,-2.59,-258.5
2021-11-26 12:00:00,25.85,28.435000000000002,-2.59,-258.5
2021-11-26 09:30:00,0.0,0.0,0.0,
2021-11-29 11:00:00,24.92,27.412000000000003,-2.49,-249.2
2021-11-29 12:00:00,24.92,27.412000000000003,-2.49,-249.2
2021-11-29 09:30:00,0.0,0.0,0.0,
2021-12-01 09:30:00,0.0,0.0,0.0,
2021-12-03 11:00:00,42.4,46.64,-4.24,-424.0
2021-12-03 12:00:00,42.4,46.64,-4.24,-424.0
2021-12-03 13:00:00,42.4,46.64,-4.24,-424.0
2021-12-03 14:00:00,42.4,46.64,-4.24,-424.0
2021-12-03 15:00:00,42.4,46.64,-4.24,-424.0
2021-12-06 11:00:00,40.59,44.649,-4.06,-405.9
2021-12-06 09:30:00,0.0,0.0,0.0,
2021-12-08 11:00:00,24.0,26.400000000000002,-2.4,-240.0
2021-12-08 12:00:00,24.0,26.400000000000002,-2.4,-240.0
2021-12-08 13:00:00,24.0,26.400000000000002,-2.4,-240.0
2021-12-08 14:00:00,24.0,26.400000000000002,-2.4,-240.0
2021-12-08 15:00:00,24.0,26.400000000000002,-2.4,-240.0
2021-12-10 11:00:00,20.3,22.330000000000005,-2.03,-203.0
2021-12-10 12:00:00,20.3,22.330000000000005,-2.03,-203.0
2021-12-10 13:00:00,20.3,22.330000000000005,-2.03,-203.0
2021-12-10 14:00:00,20.3,22.330000000000005,-2.03,-203.0
2021-12-10 15:00:00,20.3,22.330000000000005,-2.03,-203.0
2021-12-13 11:00:00,22.990000000000002,25.289,-2.3,-229.9
2021-12-13 12:00:00,22.990000000000002,25.289,-2.3,-229.9
2021-12-13 13:00:00,22.990000000000002,25.289,-2.3,-229.9
2021-12-13 14:00:00,22.990000000000002,25.289,-2.3,-229.9
2021-12-13 15:00:00,22.990000000000002,25.289,-2.3,-229.9
2021-12-15 09:30:00,0.0,0.0,0.0,
2021-12-17 09:30:00,0.0,0.0,0.0,
2021-12-20 11:00:00,37.7,25.9,11.8,1180.0
2021-12-20 12:00:00,37.7,26.22,11.48,1148.0
2021-12-20 13:00:00,37.7,22.52,15.18,1518.0
2021-12-20 14:00:00,37.7,27.02,10.68,1068.0
2021-12-20 15:00:00,37.7,27.42,10.28,1028.0
2021-12-22 11:00:00,21.65,23.815000000000005,-2.17,-216.5
2021-12-22 09:30:00,0.0,0.0,0.0,
2021-12-27 11:00:00,16.9,11.800000000000002,5.1,510.0
2021-12-27 12:00:00,16.9,11.180000000000001,5.72,572.0
2021-12-27 09:30:00,0.0,0.0,0.0,
2021-12-29 11:00:00,16.65,18.315,-1.67,-166.5
2021-12-29 12:00:00,16.65,18.315,-1.67,-166.5
2021-12-29 13:00:00,16.65,18.315,-1.67,-166.5
2021-12-29 14:00:00,16.65,18.315,-1.67,-166.5
2021-12-29 15:00:00,16.65,18.315,-1.67,-166.5
2021-12-31 11:00:00,19.9,21.89,-1.99,-199.0
2021-12-31 12:00:00,19.9,21.89,-1.99,-199.0
2021-12-31 13:00:00,19.9,21.89,-1.99,-199.0
2021-12-31 14:00:00,19.9,21.89,-1.99,-199.0
2021-12-31 15:00:00,19.9,21.89,-1.99,-199.0
2022-01-03 11:00:00,20.45,22.495000000000005,-2.05,-204.5
2022-01-03 12:00:00,20.45,22.495000000000005,-2.05,-204.5
2022-01-03 09:30:00,0.0,0.0,0.0,
2022-01-05 11:00:00,18.5,20.35,-1.85,-185.0
2022-01-05 12:00:00,18.5,20.35,-1.85,-185.0
2022-01-05 13:00:00,18.5,20.35,-1.85,-185.0
2022-01-05 14:00:00,18.5,20.35,-1.85,-185.0
2022-01-05 15:00:00,18.5,20.35,-1.85,-185.0
2022-01-07 11:00:00,23.95,15.245,8.71,870.5
2022-01-07 12:00:00,23.95,19.045,4.9,490.5
2022-01-07 13:00:00,23.95,15.695,8.25,825.5
2022-01-07 14:00:00,23.95,15.195,8.75,875.5
2022-01-07 15:00:00,23.95,15.395,8.56,855.5
2022-01-10 11:00:00,32.8,24.39,8.41,841.0
2022-01-10 12:00:00,32.8,29.65,3.15,315.0
2022-01-10 13:00:00,32.8,28.29,4.51,451.0
2022-01-10 09:34:00,0.0,0.0,0.0,
2022-01-12 11:00:00,24.799999999999997,27.28,-2.48,-248.0
2022-01-12 12:00:00,24.799999999999997,27.28,-2.48,-248.0
2022-01-12 13:00:00,24.799999999999997,27.28,-2.48,-248.0
2022-01-12 14:00:00,24.799999999999997,27.28,-2.48,-248.0
2022-01-12 15:00:00,24.799999999999997,27.28,-2.48,-248.0
2022-01-14 11:00:00,33.5,36.85000000000001,-3.35,-335.0
2022-01-14 12:00:00,33.5,36.85000000000001,-3.35,-335.0
2022-01-14 13:00:00,33.5,36.85000000000001,-3.35,-335.0
2022-01-14 14:00:00,33.5,36.85000000000001,-3.35,-335.0
2022-01-14 15:00:00,33.5,36.85000000000001,-3.35,-335.0
2022-01-19 11:00:00,34.6,38.06,-3.46,-346.0
2022-01-19 12:00:00,34.6,38.06,-3.46,-346.0
2022-01-19 13:00:00,34.6,38.06,-3.46,-346.0
2022-01-19 14:00:00,34.6,38.06,-3.46,-346.0
2022-01-19 09:30:00,0.0,0.0,0.0,
2022-01-21 11:00:00,38.5,42.35000000000001,-3.85,-385.0
2022-01-21 12:00:00,38.5,42.35000000000001,-3.85,-385.0
2022-01-21 13:00:00,38.5,42.35000000000001,-3.85,-385.0
2022-01-21 14:00:00,38.5,42.35000000000001,-3.85,-385.0
2022-01-21 15:00:00,38.5,42.35000000000001,-3.85,-385.0
2022-01-24 11:00:00,61.900000000000006,53.24,8.66,866.0
2022-01-24 12:00:00,61.900000000000006,39.67,22.23,2223.0
2022-01-24 13:00:00,61.900000000000006,40.72,21.18,2118.0
2022-01-24 14:00:00,61.900000000000006,66.30000000000001,-4.4,-440.0
2022-01-24 15:00:00,61.900000000000006,68.09,-6.19,-619.0
2022-01-26 09:30:00,0.0,0.0,0.0,
2022-01-28 09:30:00,0.0,0.0,0.0,
2022-01-31 11:00:00,43.3,47.63,-4.33,-433.0
2022-01-31 12:00:00,43.3,47.63,-4.33,-433.0
2022-01-31 13:00:00,43.3,47.63,-4.33,-433.0
2022-01-31 09:30:00,0.0,0.0,0.0,
2022-02-02 11:00:00,29.119999999999997,32.032,-2.91,-291.2
2022-02-02 12:00:00,29.119999999999997,32.032,-2.91,-291.2
2022-02-02 13:00:00,29.119999999999997,32.032,-2.91,-291.2
2022-02-02 14:00:00,29.119999999999997,32.032,-2.91,-291.2
2022-02-02 15:00:00,29.119999999999997,32.032,-2.91,-291.2
2022-02-04 11:00:00,43.0,47.300000000000004,-4.3,-430.0
2022-02-04 12:00:00,43.0,47.300000000000004,-4.3,-430.0
2022-02-04 13:00:00,43.0,47.300000000000004,-4.3,-430.0
2022-02-04 09:30:00,0.0,0.0,0.0,
2022-02-07 11:00:00,30.5,33.550000000000004,-3.05,-305.0
2022-02-07 12:00:00,30.5,33.550000000000004,-3.05,-305.0
2022-02-07 13:00:00,30.5,33.550000000000004,-3.05,-305.0
2022-02-07 14:00:00,30.5,33.550000000000004,-3.05,-305.0
2022-02-07 15:00:00,30.5,33.550000000000004,-3.05,-305.0
2022-02-09 11:00:00,29.85,23.375,6.48,647.5
2022-02-09 09:30:00,0.0,0.0,0.0,
2022-02-11 11:00:00,39.349999999999994,43.285,-3.94,-393.5
2022-02-11 12:00:00,39.349999999999994,43.285,-3.94,-393.5
2022-02-11 13:00:00,39.349999999999994,43.285,-3.94,-393.5
2022-02-11 14:00:00,39.349999999999994,43.285,-3.94,-393.5
2022-02-11 09:30:00,0.0,0.0,0.0,
2022-02-14 11:00:00,50.290000000000006,39.78,10.51,1051.0
2022-02-14 12:00:00,50.290000000000006,45.88000000000001,4.41,441.0
2022-02-14 09:30:00,0.0,0.0,0.0,
2022-02-16 11:00:00,40.3,39.269999999999996,1.03,103.0
2022-02-16 12:00:00,40.3,40.39,-0.09,-9.0
2022-02-16 13:00:00,40.3,35.99,4.31,431.0
2022-02-16 14:00:00,40.3,44.33,-4.03,-403.0
2022-02-16 09:30:00,0.0,0.0,0.0,
2022-02-18 11:00:00,39.8,43.78,-3.98,-398.0
2022-02-18 12:00:00,39.8,43.78,-3.98,-398.0
2022-02-18 13:00:00,39.8,43.78,-3.98,-398.0
2022-02-18 14:00:00,39.8,43.78,-3.98,-398.0
2022-02-18 15:00:00,39.8,43.78,-3.98,-398.0
2022-02-23 11:00:00,40.7,29.900000000000006,10.8,1080.0
2022-02-23 12:00:00,40.7,29.870000000000005,10.83,1083.0
2022-02-23 13:00:00,40.7,25.800000000000004,14.9,1490.0
2022-02-23 14:00:00,40.7,23.110000000000003,17.59,1759.0
2022-02-23 15:00:00,40.7,20.710000000000004,19.99,1999.0
2022-02-25 09:30:00,0.0,0.0,0.0,
2022-02-28 11:00:00,51.0,56.10000000000001,-5.1,-510.0
2022-02-28 09:30:00,0.0,0.0,0.0,
2022-03-02 11:00:00,44.94,49.434000000000005,-4.49,-449.4
2022-03-02 09:30:00,0.0,0.0,0.0,
2022-03-04 11:00:00,44.150000000000006,30.985000000000003,13.17,1316.5
2022-03-04 12:00:00,44.150000000000006,29.185000000000002,14.96,1496.5
2022-03-04 13:00:00,44.150000000000006,40.485,3.66,366.5
2022-03-04 14:00:00,44.150000000000006,30.685000000000002,13.46,1346.5
2022-03-04 15:00:00,44.150000000000006,26.055000000000003,18.09,1809.5
2022-03-07 11:00:00,47.12,51.832,-4.71,-471.2
2022-03-07 12:00:00,47.12,51.832,-4.71,-471.2
2022-03-07 13:00:00,47.12,51.832,-4.71,-471.2
2022-03-07 14:00:00,47.12,51.832,-4.71,-471.2
2022-03-07 15:00:00,47.12,51.832,-4.71,-471.2
2022-03-09 09:30:00,0.0,0.0,0.0,
2022-03-11 11:00:00,40.05,44.05500000000001,-4.01,-400.5
2022-03-11 12:00:00,40.05,44.05500000000001,-4.01,-400.5
2022-03-11 13:00:00,40.05,44.05500000000001,-4.01,-400.5
2022-03-11 14:00:00,40.05,44.05500000000001,-4.01,-400.5
2022-03-11 15:00:00,40.05,44.05500000000001,-4.01,-400.5
2022-03-14 09:30:00,0.0,0.0,0.0,
2022-03-16 11:00:00,47.629999999999995,52.393,-4.76,-476.3
2022-03-16 12:00:00,47.629999999999995,52.393,-4.76,-476.3
2022-03-16 13:00:00,47.629999999999995,52.393,-4.76,-476.3
2022-03-16 14:00:00,47.629999999999995,52.393,-4.76,-476.3
2022-03-16 15:00:00,47.629999999999995,52.393,-4.76,-476.3
2022-03-18 09:30:00,0.0,0.0,0.0,
2022-03-21 11:00:00,33.29,36.619,-3.33,-332.9
2022-03-21 12:00:00,33.29,36.619,-3.33,-332.9
2022-03-21 13:00:00,33.29,36.619,-3.33,-332.9
2022-03-21 14:00:00,33.29,36.619,-3.33,-332.9
2022-03-21 15:00:00,33.29,36.619,-3.33,-332.9
2022-03-23 09:30:00,0.0,0.0,0.0,
2022-03-25 11:00:00,27.439999999999998,30.184,-2.74,-274.4
2022-03-25 12:00:00,27.439999999999998,30.184,-2.74,-274.4
2022-03-25 13:00:00,27.439999999999998,30.184,-2.74,-274.4
2022-03-25 14:00:00,27.439999999999998,30.184,-2.74,-274.4
2022-03-25 15:00:00,27.439999999999998,30.184,-2.74,-274.4
2022-03-28 11:00:00,23.369999999999997,25.707,-2.34,-233.7
2022-03-28 12:00:00,23.369999999999997,25.707,-2.34,-233.7
2022-03-28 13:00:00,23.369999999999997,25.707,-2.34,-233.7
2022-03-28 14:00:00,23.369999999999997,25.707,-2.34,-233.7
2022-03-28 15:00:00,23.369999999999997,25.707,-2.34,-233.7
2022-03-30 11:00:00,22.0,24.200000000000003,-2.2,-220.0
2022-03-30 12:00:00,22.0,24.200000000000003,-2.2,-220.0
2022-03-30 13:00:00,22.0,24.200000000000003,-2.2,-220.0
2022-03-30 14:00:00,22.0,24.200000000000003,-2.2,-220.0
2022-03-30 15:00:00,22.0,24.200000000000003,-2.2,-220.0
2022-04-01 11:00:00,26.5,29.150000000000006,-2.65,-265.0
2022-04-01 12:00:00,26.5,29.150000000000006,-2.65,-265.0
2022-04-01 13:00:00,26.5,29.150000000000006,-2.65,-265.0
2022-04-01 14:00:00,26.5,29.150000000000006,-2.65,-265.0
2022-04-01 15:00:00,26.5,29.150000000000006,-2.65,-265.0
2022-04-04 11:00:00,20.73,22.803,-2.07,-207.3
2022-04-04 12:00:00,20.73,22.803,-2.07,-207.3
2022-04-04 13:00:00,20.73,22.803,-2.07,-207.3
2022-04-04 09:30:00,0.0,0.0,0.0,
2022-04-06 09:30:00,0.0,0.0,0.0,
2022-04-08 11:00:00,30.7,33.77,-3.07,-307.0
2022-04-08 09:30:00,0.0,0.0,0.0,
2022-04-11 11:00:00,27.259999999999998,29.986000000000004,-2.73,-272.6
2022-04-11 12:00:00,27.259999999999998,29.986000000000004,-2.73,-272.6
2022-04-11 13:00:00,27.259999999999998,29.986000000000004,-2.73,-272.6
2022-04-11 14:00:00,27.259999999999998,29.986000000000004,-2.73,-272.6
2022-04-11 15:00:00,27.259999999999998,29.986000000000004,-2.73,-272.6
2022-04-13 11:00:00,29.7,32.67,-2.97,-297.0
2022-04-13 12:00:00,29.7,32.67,-2.97,-297.0
2022-04-13 13:00:00,29.7,32.67,-2.97,-297.0
2022-04-13 14:00:00,29.7,32.67,-2.97,-297.0
2022-04-13 09:30:00,0.0,0.0,0.0,
2022-04-18 11:00:00,29.35,23.759999999999998,5.59,559.0
2022-04-18 12:00:00,29.35,32.285000000000004,-2.94,-293.5
2022-04-18 13:00:00,29.35,32.285000000000004,-2.94,-293.5
2022-04-18 09:30:00,0.0,0.0,0.0,
2022-04-20 11:00:00,25.9,28.490000000000002,-2.59,-259.0
2022-04-20 12:00:00,25.9,28.490000000000002,-2.59,-259.0
2022-04-20 09:30:00,0.0,0.0,0.0,
2022-04-25 11:00:00,44.0,48.400000000000006,-4.4,-440.0
2022-04-25 12:00:00,44.0,48.400000000000006,-4.4,-440.0
2022-04-25 09:30:00,0.0,0.0,0.0,
2022-04-27 11:00:00,45.6,50.16000000000001,-4.56,-456.0
2022-04-27 12:00:00,45.6,50.16000000000001,-4.56,-456.0
2022-04-27 13:00:00,45.6,50.16000000000001,-4.56,-456.0
2022-04-27 14:00:00,45.6,50.16000000000001,-4.56,-456.0
2022-04-27 15:00:00,45.6,50.16000000000001,-4.56,-456.0
2022-04-29 11:00:00,42.3,46.53,-4.23,-423.0
2022-04-29 12:00:00,42.3,46.53,-4.23,-423.0
2022-04-29 13:00:00,42.3,46.53,-4.23,-423.0
2022-04-29 14:00:00,42.3,46.53,-4.23,-423.0
2022-04-29 15:00:00,42.3,46.53,-4.23,-423.0
2022-05-02 11:00:00,50.74,55.81400000000001,-5.07,-507.4
2022-05-02 12:00:00,50.74,55.81400000000001,-5.07,-507.4
2022-05-02 13:00:00,50.74,55.81400000000001,-5.07,-507.4
2022-05-02 14:00:00,50.74,55.81400000000001,-5.07,-507.4
2022-05-02 15:00:00,50.74,55.81400000000001,-5.07,-507.4
2022-05-04 11:00:00,62.18,60.973,1.21,120.7
2022-05-04 12:00:00,62.18,59.873000000000005,2.31,230.7
2022-05-04 13:00:00,62.18,68.398,-6.22,-621.8
2022-05-04 14:00:00,62.18,68.398,-6.22,-621.8
2022-05-04 09:30:00,0.0,0.0,0.0,
2022-05-06 11:00:00,58.91,64.80100000000002,-5.89,-589.1
2022-05-06 12:00:00,58.91,64.80100000000002,-5.89,-589.1
2022-05-06 09:36:00,0.0,0.0,0.0,
2022-05-09 11:00:00,55.03,60.533,-5.5,-550.3
2022-05-09 12:00:00,55.03,60.533,-5.5,-550.3
2022-05-09 13:00:00,55.03,60.533,-5.5,-550.3
2022-05-09 14:00:00,55.03,60.533,-5.5,-550.3
2022-05-09 15:00:00,55.03,60.533,-5.5,-550.3
2022-05-11 11:00:00,62.400000000000006,68.64000000000001,-6.24,-624.0
2022-05-11 12:00:00,62.400000000000006,68.64000000000001,-6.24,-624.0
2022-05-11 13:00:00,62.400000000000006,68.64000000000001,-6.24,-624.0
2022-05-11 14:00:00,62.400000000000006,68.64000000000001,-6.24,-624.0
2022-05-11 15:00:00,62.400000000000006,68.64000000000001,-6.24,-624.0
2022-05-13 11:00:00,47.66,39.550000000000004,8.11,811.0
2022-05-13 12:00:00,47.66,35.800000000000004,11.86,1186.0
2022-05-13 13:00:00,47.66,32.800000000000004,14.86,1486.0
2022-05-13 14:00:00,47.66,41.78,5.88,588.0
2022-05-13 15:00:00,47.66,32.11000000000001,15.55,1555.0
2022-05-16 11:00:00,48.62,53.482,-4.86,-486.2
2022-05-16 09:30:00,0.0,0.0,0.0,
2022-05-18 11:00:00,40.400000000000006,44.440000000000005,-4.04,-404.0
2022-05-18 12:00:00,40.400000000000006,44.440000000000005,-4.04,-404.0
2022-05-18 13:00:00,40.400000000000006,44.440000000000005,-4.04,-404.0
2022-05-18 14:00:00,40.400000000000006,44.440000000000005,-4.04,-404.0
2022-05-18 15:00:00,40.400000000000006,44.440000000000005,-4.04,-404.0
2022-05-20 11:00:00,44.989999999999995,49.489000000000004,-4.5,-449.9
2022-05-20 12:00:00,44.989999999999995,49.489000000000004,-4.5,-449.9
2022-05-20 13:00:00,44.989999999999995,49.489000000000004,-4.5,-449.9
2022-05-20 14:00:00,44.989999999999995,49.489000000000004,-4.5,-449.9
2022-05-20 09:30:00,0.0,0.0,0.0,
2022-05-23 09:30:00,0.0,0.0,0.0,
2022-05-25 11:00:00,47.400000000000006,52.14000000000001,-4.74,-474.0
2022-05-25 12:00:00,47.400000000000006,52.14000000000001,-4.74,-474.0
2022-05-25 13:00:00,47.400000000000006,52.14000000000001,-4.74,-474.0
2022-05-25 14:00:00,47.400000000000006,52.14000000000001,-4.74,-474.0
2022-05-25 09:30:00,0.0,0.0,0.0,
2022-05-27 11:00:00,28.700000000000003,27.14,1.56,156.0
2022-05-27 12:00:00,28.700000000000003,20.740000000000002,7.96,796.0
2022-05-27 09:30:00,0.0,0.0,0.0,
2022-06-01 11:00:00,33.0,36.3,-3.3,-330.0
2022-06-01 12:00:00,33.0,36.3,-3.3,-330.0
2022-06-01 13:00:00,33.0,36.3,-3.3,-330.0
2022-06-01 14:00:00,33.0,36.3,-3.3,-330.0
2022-06-01 15:00:00,33.0,36.3,-3.3,-330.0
2022-06-03 11:00:00,38.1,41.910000000000004,-3.81,-381.0
2022-06-03 12:00:00,38.1,41.910000000000004,-3.81,-381.0
2022-06-03 13:00:00,38.1,41.910000000000004,-3.81,-381.0
2022-06-03 14:00:00,38.1,41.910000000000004,-3.81,-381.0
2022-06-03 15:00:00,38.1,41.910000000000004,-3.81,-381.0
2022-06-06 11:00:00,30.160000000000004,33.176,-3.02,-301.6
2022-06-06 12:00:00,30.160000000000004,33.176,-3.02,-301.6
2022-06-06 13:00:00,30.160000000000004,33.176,-3.02,-301.6
2022-06-06 14:00:00,30.160000000000004,33.176,-3.02,-301.6
2022-06-06 15:00:00,30.160000000000004,33.176,-3.02,-301.6
2022-06-08 11:00:00,30.6,33.660000000000004,-3.06,-306.0
2022-06-08 12:00:00,30.6,33.660000000000004,-3.06,-306.0
2022-06-08 13:00:00,30.6,33.660000000000004,-3.06,-306.0
2022-06-08 14:00:00,30.6,33.660000000000004,-3.06,-306.0
2022-06-08 15:00:00,30.6,33.660000000000004,-3.06,-306.0
2022-06-10 11:00:00,45.69,50.25900000000001,-4.57,-456.9
2022-06-10 12:00:00,45.69,50.25900000000001,-4.57,-456.9
2022-06-10 13:00:00,45.69,50.25900000000001,-4.57,-456.9
2022-06-10 14:00:00,45.69,50.25900000000001,-4.57,-456.9
2022-06-10 15:00:00,45.69,50.25900000000001,-4.57,-456.9
2022-06-13 11:00:00,50.599999999999994,33.97,16.63,1663.0
2022-06-13 12:00:00,50.599999999999994,37.57,13.03,1303.0
2022-06-13 13:00:00,50.599999999999994,35.58,15.02,1502.0
2022-06-13 14:00:00,50.599999999999994,36.93,13.67,1367.0
2022-06-13 15:00:00,50.599999999999994,28.97,21.63,2163.0
2022-06-15 11:00:00,70.3,77.33000000000001,-7.03,-703.0
2022-06-15 09:30:00,0.0,0.0,0.0,
2022-06-17 11:00:00,43.2,47.52,-4.32,-432.0
2022-06-17 12:00:00,43.2,47.52,-4.32,-432.0
2022-06-17 13:00:00,43.2,47.52,-4.32,-432.0
2022-06-17 14:00:00,43.2,47.52,-4.32,-432.0
2022-06-17 15:00:00,43.2,47.52,-4.32,-432.0
2022-06-22 11:00:00,34.0,37.400000000000006,-3.4,-340.0
2022-06-22 12:00:00,34.0,37.400000000000006,-3.4,-340.0
2022-06-22 13:00:00,34.0,37.400000000000006,-3.4,-340.0
2022-06-22 14:00:00,34.0,37.400000000000006,-3.4,-340.0
2022-06-22 09:30:00,0.0,0.0,0.0,
2022-06-24 11:00:00,31.3,34.43000000000001,-3.13,-313.0
2022-06-24 12:00:00,31.3,34.43000000000001,-3.13,-313.0
2022-06-24 13:00:00,31.3,34.43000000000001,-3.13,-313.0
2022-06-24 14:00:00,31.3,34.43000000000001,-3.13,-313.0
2022-06-24 15:00:00,31.3,34.43000000000001,-3.13,-313.0
2022-06-27 11:00:00,35.879999999999995,39.468,-3.59,-358.8
2022-06-27 12:00:00,35.879999999999995,39.468,-3.59,-358.8
2022-06-27 13:00:00,35.879999999999995,39.468,-3.59,-358.8
2022-06-27 14:00:00,35.879999999999995,39.468,-3.59,-358.8
2022-06-27 15:00:00,35.879999999999995,39.468,-3.59,-358.8
2022-06-29 11:00:00,35.2,38.72,-3.52,-352.0
2022-06-29 12:00:00,35.2,38.72,-3.52,-352.0
2022-06-29 13:00:00,35.2,38.72,-3.52,-352.0
2022-06-29 14:00:00,35.2,38.72,-3.52,-352.0
2022-06-29 15:00:00,35.2,38.72,-3.52,-352.0
2022-07-01 11:00:00,34.8,38.28,-3.48,-348.0
2022-07-01 12:00:00,34.8,38.28,-3.48,-348.0
2022-07-01 13:00:00,34.8,38.28,-3.48,-348.0
2022-07-01 14:00:00,34.8,38.28,-3.48,-348.0
2022-07-01 15:00:00,34.8,38.28,-3.48,-348.0
2022-07-06 11:00:00,37.0,40.7,-3.7,-370.0
2022-07-06 12:00:00,37.0,40.7,-3.7,-370.0
2022-07-06 13:00:00,37.0,40.7,-3.7,-370.0
2022-07-06 14:00:00,37.0,40.7,-3.7,-370.0
2022-07-06 09:30:00,0.0,0.0,0.0,
2022-07-08 09:30:00,0.0,0.0,0.0,
2022-07-11 11:00:00,30.0,33.0,-3.0,-300.0
2022-07-11 12:00:00,30.0,33.0,-3.0,-300.0
2022-07-11 09:30:00,0.0,0.0,0.0,
2022-07-13 11:00:00,39.8,43.78,-3.98,-398.0
2022-07-13 12:00:00,39.8,43.78,-3.98,-398.0
2022-07-13 09:30:00,0.0,0.0,0.0,
2022-07-15 11:00:00,32.3,35.53,-3.23,-323.0
2022-07-15 12:00:00,32.3,35.53,-3.23,-323.0
2022-07-15 13:00:00,32.3,35.53,-3.23,-323.0
2022-07-15 14:00:00,32.3,35.53,-3.23,-323.0
2022-07-15 15:00:00,32.3,35.53,-3.23,-323.0
2022-07-18 11:00:00,26.02,28.622,-2.6,-260.2
2022-07-18 12:00:00,26.02,28.622,-2.6,-260.2
2022-07-18 13:00:00,26.02,28.622,-2.6,-260.2
2022-07-18 14:00:00,26.02,28.622,-2.6,-260.2
2022-07-18 15:00:00,26.02,28.622,-2.6,-260.2
2022-07-20 09:30:00,0.0,0.0,0.0,
2022-07-22 11:00:00,29.549999999999997,32.505,-2.96,-295.5
2022-07-22 12:00:00,29.549999999999997,32.505,-2.96,-295.5
2022-07-22 13:00:00,29.549999999999997,32.505,-2.96,-295.5
2022-07-22 14:00:00,29.549999999999997,32.505,-2.96,-295.5
2022-07-22 15:00:00,29.549999999999997,32.505,-2.96,-295.5
2022-07-25 11:00:00,27.689999999999998,24.109,3.58,358.1
2022-07-25 12:00:00,27.689999999999998,26.209000000000003,1.48,148.1
2022-07-25 13:00:00,27.689999999999998,25.159,2.53,253.1
2022-07-25 14:00:00,27.689999999999998,17.509,10.18,1018.1
2022-07-25 15:00:00,27.689999999999998,14.209000000000001,13.48,1348.1
2022-07-27 11:00:00,46.19,44.009,2.18,218.1
2022-07-27 12:00:00,46.19,41.409000000000006,4.78,478.1
2022-07-27 13:00:00,46.19,44.589,1.6,160.1
2022-07-27 14:00:00,46.19,44.18900000000001,2.0,200.1
2022-07-27 09:30:00,0.0,0.0,0.0,
2022-07-29 11:00:00,29.45,32.395,-2.95,-294.5
2022-07-29 12:00:00,29.45,32.395,-2.95,-294.5
2022-07-29 13:00:00,29.45,32.395,-2.95,-294.5
2022-07-29 14:00:00,29.45,32.395,-2.95,-294.5
2022-07-29 15:00:00,29.45,32.395,-2.95,-294.5
2022-08-01 11:00:00,28.5,31.35,-2.85,-285.0
2022-08-01 09:30:00,0.0,0.0,0.0,
2022-08-03 11:00:00,26.700000000000003,29.370000000000005,-2.67,-267.0
2022-08-03 09:30:00,0.0,0.0,0.0,
2022-08-05 11:00:00,27.5,23.6,3.9,390.0
2022-08-05 12:00:00,27.5,30.25,-2.75,-275.0
2022-08-05 13:00:00,27.5,30.25,-2.75,-275.0
2022-08-05 14:00:00,27.5,30.25,-2.75,-275.0
2022-08-05 15:00:00,27.5,30.25,-2.75,-275.0
2022-08-08 11:00:00,24.479999999999997,26.928,-2.45,-244.8
2022-08-08 12:00:00,24.479999999999997,26.928,-2.45,-244.8
2022-08-08 13:00:00,24.479999999999997,26.928,-2.45,-244.8
2022-08-08 14:00:00,24.479999999999997,26.928,-2.45,-244.8
2022-08-08 15:00:00,24.479999999999997,26.928,-2.45,-244.8
2022-08-10 11:00:00,26.2,28.82,-2.62,-262.0
2022-08-10 12:00:00,26.2,28.82,-2.62,-262.0
2022-08-10 13:00:00,26.2,28.82,-2.62,-262.0
2022-08-10 14:00:00,26.2,28.82,-2.62,-262.0
2022-08-10 15:00:00,26.2,28.82,-2.62,-262.0
2022-08-12 09:30:00,0.0,0.0,0.0,
2022-08-15 11:00:00,22.66,24.926000000000002,-2.27,-226.6
2022-08-15 12:00:00,22.66,24.926000000000002,-2.27,-226.6
2022-08-15 13:00:00,22.66,24.926000000000002,-2.27,-226.6
2022-08-15 14:00:00,22.66,24.926000000000002,-2.27,-226.6
2022-08-15 15:00:00,22.66,24.926000000000002,-2.27,-226.6
2022-08-17 11:00:00,25.1,27.61,-2.51,-251.0
2022-08-17 12:00:00,25.1,27.61,-2.51,-251.0
2022-08-17 13:00:00,25.1,27.61,-2.51,-251.0
2022-08-17 14:00:00,25.1,27.61,-2.51,-251.0
2022-08-17 15:00:00,25.1,27.61,-2.51,-251.0
2022-08-19 11:00:00,27.509999999999998,28.742,-1.23,-123.2
2022-08-19 12:00:00,27.509999999999998,30.261000000000003,-2.75,-275.1
2022-08-19 13:00:00,27.509999999999998,30.261000000000003,-2.75,-275.1
2022-08-19 14:00:00,27.509999999999998,30.261000000000003,-2.75,-275.1
2022-08-19 15:00:00,27.509999999999998,30.261000000000003,-2.75,-275.1
2022-08-22 11:00:00,25.9,17.810000000000002,8.09,809.0
2022-08-22 12:00:00,25.9,20.910000000000004,4.99,499.0
2022-08-22 13:00:00,25.9,17.21,8.69,869.0
2022-08-22 14:00:00,25.9,12.360000000000001,13.54,1354.0
2022-08-22 15:00:00,25.9,11.31,14.59,1459.0
2022-08-24 11:00:00,22.07,24.277,-2.21,-220.7
2022-08-24 09:30:00,0.0,0.0,0.0,
2022-08-26 11:00:00,44.8,49.28,-4.48,-448.0
2022-08-26 12:00:00,44.8,49.28,-4.48,-448.0
2022-08-26 09:30:00,0.0,0.0,0.0,
2022-08-29 11:00:00,32.849999999999994,36.135000000000005,-3.29,-328.5
2022-08-29 12:00:00,32.849999999999994,36.135000000000005,-3.29,-328.5
2022-08-29 13:00:00,32.849999999999994,36.135000000000005,-3.29,-328.5
2022-08-29 14:00:00,32.849999999999994,36.135000000000005,-3.29,-328.5
2022-08-29 15:00:00,32.849999999999994,36.135000000000005,-3.29,-328.5
2022-08-31 11:00:00,30.5,33.55,-3.05,-305.0
2022-08-31 12:00:00,30.5,33.55,-3.05,-305.0
2022-08-31 13:00:00,30.5,33.55,-3.05,-305.0
2022-08-31 14:00:00,30.5,33.55,-3.05,-305.0
2022-08-31 15:00:00,30.5,33.55,-3.05,-305.0
2022-09-02 11:00:00,33.7,37.07000000000001,-3.37,-337.0
2022-09-02 12:00:00,33.7,37.07000000000001,-3.37,-337.0
2022-09-02 13:00:00,33.7,37.07000000000001,-3.37,-337.0
2022-09-02 14:00:00,33.7,37.07000000000001,-3.37,-337.0
2022-09-02 15:00:00,33.7,37.07000000000001,-3.37,-337.0
2022-09-07 11:00:00,32.3,35.53,-3.23,-323.0
2022-09-07 09:30:00,0.0,0.0,0.0,
2022-09-09 11:00:00,28.67,22.770000000000003,5.9,590.0
2022-09-09 12:00:00,28.67,23.560000000000002,5.11,511.0
2022-09-09 13:00:00,28.67,20.860000000000003,7.81,781.0
2022-09-09 09:30:00,0.0,0.0,0.0,
2022-09-12 11:00:00,27.6,30.36,-2.76,-276.0
2022-09-12 12:00:00,27.6,30.36,-2.76,-276.0
2022-09-12 13:00:00,27.6,30.36,-2.76,-276.0
2022-09-12 14:00:00,27.6,30.36,-2.76,-276.0
2022-09-12 15:00:00,27.6,30.36,-2.76,-276.0
2022-09-14 11:00:00,37.6,38.45,-0.85,-85.0
2022-09-14 12:00:00,37.6,41.36000000000001,-3.76,-376.0
2022-09-14 09:30:00,0.0,0.0,0.0,
2022-09-16 09:30:00,0.0,0.0,0.0,
2022-09-19 11:00:00,34.1,27.180000000000003,6.92,692.0
2022-09-19 09:30:00,0.0,0.0,0.0,
2022-09-21 11:00:00,67.0,71.51,-4.51,-451.0
2022-09-21 12:00:00,67.0,73.7,-6.7,-670.0
2022-09-21 13:00:00,67.0,73.7,-6.7,-670.0
2022-09-21 14:00:00,67.0,73.7,-6.7,-670.0
2022-09-21 15:00:00,67.0,73.7,-6.7,-670.0
2022-09-23 11:00:00,39.6,43.56,-3.96,-396.0
2022-09-23 12:00:00,39.6,43.56,-3.96,-396.0
2022-09-23 13:00:00,39.6,43.56,-3.96,-396.0
2022-09-23 14:00:00,39.6,43.56,-3.96,-396.0
2022-09-23 15:00:00,39.6,43.56,-3.96,-396.0
2022-09-26 11:00:00,39.8,43.78,-3.98,-398.0
2022-09-26 12:00:00,39.8,43.78,-3.98,-398.0
2022-09-26 13:00:00,39.8,43.78,-3.98,-398.0
2022-09-26 14:00:00,39.8,43.78,-3.98,-398.0
2022-09-26 15:00:00,39.8,43.78,-3.98,-398.0
2022-09-28 11:00:00,39.07,42.977000000000004,-3.91,-390.7
2022-09-28 12:00:00,39.07,42.977000000000004,-3.91,-390.7
2022-09-28 09:30:00,0.0,0.0,0.0,
2022-09-30 11:00:00,45.1,49.61000000000001,-4.51,-451.0
2022-09-30 12:00:00,45.1,49.61000000000001,-4.51,-451.0
2022-09-30 13:00:00,45.1,49.61000000000001,-4.51,-451.0
2022-09-30 14:00:00,45.1,49.61000000000001,-4.51,-451.0
2022-09-30 15:00:00,45.1,49.61000000000001,-4.51,-451.0
2022-10-03 11:00:00,33.3,36.629999999999995,-3.33,-333.0
2022-10-03 09:30:00,0.0,0.0,0.0,
2022-10-04 11:00:00,32.18,35.398,-3.22,-321.8
2022-10-04 12:00:00,32.18,35.398,-3.22,-321.8
2022-10-04 13:00:00,32.18,35.398,-3.22,-321.8
2022-10-04 14:00:00,32.18,35.398,-3.22,-321.8
2022-10-04 15:00:00,32.18,35.398,-3.22,-321.8
2022-10-05 11:00:00,32.9,36.19,-3.29,-329.0
2022-10-05 12:00:00,32.9,36.19,-3.29,-329.0
2022-10-05 13:00:00,32.9,36.19,-3.29,-329.0
2022-10-05 09:30:00,0.0,0.0,0.0,
2022-10-06 11:00:00,34.8,38.28,-3.48,-348.0
2022-10-06 12:00:00,34.8,38.28,-3.48,-348.0
2022-10-06 13:00:00,34.8,38.28,-3.48,-348.0
2022-10-06 14:00:00,34.8,38.28,-3.48,-348.0
2022-10-06 15:00:00,34.8,38.28,-3.48,-348.0
2022-10-07 09:30:00,0.0,0.0,0.0,
2022-10-10 11:00:00,30.799999999999997,33.879999999999995,-3.08,-308.0
2022-10-10 12:00:00,30.799999999999997,33.879999999999995,-3.08,-308.0
2022-10-10 13:00:00,30.799999999999997,33.879999999999995,-3.08,-308.0
2022-10-10 14:00:00,30.799999999999997,33.879999999999995,-3.08,-308.0
2022-10-10 15:00:00,30.799999999999997,33.879999999999995,-3.08,-308.0
2022-10-11 11:00:00,31.9,35.09,-3.19,-319.0
2022-10-11 09:31:00,0.0,0.0,0.0,
2022-10-12 11:00:00,37.9,41.690000000000005,-3.79,-379.0
2022-10-12 12:00:00,37.9,41.690000000000005,-3.79,-379.0
2022-10-12 13:00:00,37.9,41.690000000000005,-3.79,-379.0
2022-10-12 14:00:00,37.9,41.690000000000005,-3.79,-379.0
2022-10-12 15:00:00,37.9,41.690000000000005,-3.79,-379.0
2022-10-13 11:00:00,40.85,32.68000000000001,8.17,817.0
2022-10-13 12:00:00,40.85,23.380000000000003,17.47,1747.0
2022-10-13 09:30:00,0.0,0.0,0.0,
2022-10-14 11:00:00,47.879999999999995,52.668000000000006,-4.79,-478.8
2022-10-14 12:00:00,47.879999999999995,52.668000000000006,-4.79,-478.8
2022-10-14 13:00:00,47.879999999999995,52.668000000000006,-4.79,-478.8
2022-10-14 14:00:00,47.879999999999995,52.668000000000006,-4.79,-478.8
2022-10-14 15:00:00,47.879999999999995,52.668000000000006,-4.79,-478.8
2022-10-17 11:00:00,36.5,40.150000000000006,-3.65,-365.0
2022-10-17 12:00:00,36.5,40.150000000000006,-3.65,-365.0
2022-10-17 13:00:00,36.5,40.150000000000006,-3.65,-365.0
2022-10-17 14:00:00,36.5,40.150000000000006,-3.65,-365.0
2022-10-17 15:00:00,36.5,40.150000000000006,-3.65,-365.0
2022-10-18 11:00:00,33.39,36.729,-3.34,-333.9
2022-10-18 12:00:00,33.39,36.729,-3.34,-333.9
2022-10-18 13:00:00,33.39,36.729,-3.34,-333.9
2022-10-18 14:00:00,33.39,36.729,-3.34,-333.9
2022-10-18 15:00:00,33.39,36.729,-3.34,-333.9
2022-10-19 11:00:00,38.0,32.17,5.83,583.0
2022-10-19 12:00:00,38.0,30.950000000000003,7.05,705.0
2022-10-19 13:00:00,38.0,41.800000000000004,-3.8,-380.0
2022-10-19 14:00:00,38.0,41.800000000000004,-3.8,-380.0
2022-10-19 15:00:00,38.0,41.800000000000004,-3.8,-380.0
2022-10-20 11:00:00,31.4,34.540000000000006,-3.14,-314.0
2022-10-20 09:30:00,0.0,0.0,0.0,
2022-10-24 11:00:00,36.7,40.370000000000005,-3.67,-367.0
2022-10-24 12:00:00,36.7,40.370000000000005,-3.67,-367.0
2022-10-24 13:00:00,36.7,40.370000000000005,-3.67,-367.0
2022-10-24 14:00:00,36.7,40.370000000000005,-3.67,-367.0
2022-10-24 15:00:00,36.7,40.370000000000005,-3.67,-367.0
2022-10-25 11:00:00,32.489999999999995,35.739000000000004,-3.25,-324.9
2022-10-25 12:00:00,32.489999999999995,35.739000000000004,-3.25,-324.9
2022-10-25 13:00:00,32.489999999999995,35.739000000000004,-3.25,-324.9
2022-10-25 14:00:00,32.489999999999995,35.739000000000004,-3.25,-324.9
2022-10-25 15:00:00,32.489999999999995,35.739000000000004,-3.25,-324.9
2022-10-26 11:00:00,31.4,34.54,-3.14,-314.0
2022-10-26 12:00:00,31.4,34.54,-3.14,-314.0
2022-10-26 13:00:00,31.4,34.54,-3.14,-314.0
2022-10-26 14:00:00,31.4,34.54,-3.14,-314.0
2022-10-26 15:00:00,31.4,34.54,-3.14,-314.0
2022-10-27 11:00:00,32.1,27.700000000000003,4.4,440.0
2022-10-27 12:00:00,32.1,27.300000000000004,4.8,480.0
2022-10-27 13:00:00,32.1,26.1,6.0,600.0
2022-10-27 14:00:00,32.1,26.160000000000004,5.94,594.0
2022-10-27 15:00:00,32.1,27.700000000000003,4.4,440.0
2022-10-28 11:00:00,34.900000000000006,38.39,-3.49,-349.0
2022-10-28 12:00:00,34.900000000000006,38.39,-3.49,-349.0
2022-10-28 09:30:00,0.0,0.0,0.0,
2022-10-31 11:00:00,33.4,36.74,-3.34,-334.0
2022-10-31 12:00:00,33.4,36.74,-3.34,-334.0
2022-10-31 13:00:00,33.4,36.74,-3.34,-334.0
2022-10-31 14:00:00,33.4,36.74,-3.34,-334.0
2022-10-31 15:00:00,33.4,36.74,-3.34,-334.0
2022-11-01 11:00:00,29.39,32.32900000000001,-2.94,-293.9
2022-11-01 12:00:00,29.39,32.32900000000001,-2.94,-293.9
2022-11-01 13:00:00,29.39,32.32900000000001,-2.94,-293.9
2022-11-01 14:00:00,29.39,32.32900000000001,-2.94,-293.9
2022-11-01 15:00:00,29.39,32.32900000000001,-2.94,-293.9
2022-11-02 11:00:00,57.7,61.82,-4.12,-412.0
2022-11-02 12:00:00,57.7,59.99,-2.29,-229.0
2022-11-02 13:00:00,57.7,60.120000000000005,-2.42,-242.0
2022-11-02 14:00:00,57.7,63.470000000000006,-5.77,-577.0
2022-11-02 15:00:00,57.7,63.470000000000006,-5.77,-577.0
2022-11-03 09:30:00,0.0,0.0,0.0,
2022-11-04 09:30:00,0.0,0.0,0.0,
2022-11-07 11:00:00,30.6,24.857,5.74,574.3
2022-11-07 12:00:00,30.6,29.357,1.24,124.3
2022-11-07 13:00:00,30.6,22.257,8.34,834.3
2022-11-07 14:00:00,30.6,18.467000000000002,12.13,1213.3
2022-11-07 09:30:00,0.0,0.0,0.0,
2022-11-08 11:00:00,24.25,26.675000000000004,-2.43,-242.5
2022-11-08 12:00:00,24.25,26.675000000000004,-2.43,-242.5
2022-11-08 13:00:00,24.25,26.675000000000004,-2.43,-242.5
2022-11-08 14:00:00,24.25,26.675000000000004,-2.43,-242.5
2022-11-08 15:00:00,24.25,26.675000000000004,-2.43,-242.5
2022-11-09 11:00:00,34.3,37.730000000000004,-3.43,-343.0
2022-11-09 12:00:00,34.3,37.730000000000004,-3.43,-343.0
2022-11-09 13:00:00,34.3,37.730000000000004,-3.43,-343.0
2022-11-09 14:00:00,34.3,37.730000000000004,-3.43,-343.0
2022-11-09 15:00:00,34.3,37.730000000000004,-3.43,-343.0
2022-11-10 11:00:00,34.6,38.06,-3.46,-346.0
2022-11-10 12:00:00,34.6,38.06,-3.46,-346.0
2022-11-10 13:00:00,34.6,38.06,-3.46,-346.0
2022-11-10 14:00:00,34.6,38.06,-3.46,-346.0
2022-11-10 15:00:00,34.6,38.06,-3.46,-346.0
2022-11-11 11:00:00,37.01,40.711,-3.7,-370.1
2022-11-11 12:00:00,37.01,40.711,-3.7,-370.1
2022-11-11 13:00:00,37.01,40.711,-3.7,-370.1
2022-11-11 09:30:00,0.0,0.0,0.0,
2022-11-14 11:00:00,29.2,32.120000000000005,-2.92,-292.0
2022-11-14 12:00:00,29.2,32.120000000000005,-2.92,-292.0
2022-11-14 13:00:00,29.2,32.120000000000005,-2.92,-292.0
2022-11-14 14:00:00,29.2,32.120000000000005,-2.92,-292.0
2022-11-14 15:00:00,29.2,32.120000000000005,-2.92,-292.0
2022-11-15 11:00:00,29.8,22.400000000000002,7.4,740.0
2022-11-15 12:00:00,29.8,23.1,6.7,670.0
2022-11-15 13:00:00,29.8,19.200000000000003,10.6,1060.0
2022-11-15 14:00:00,29.8,15.700000000000003,14.1,1410.0
2022-11-15 15:00:00,29.8,16.05,13.75,1375.0
2022-11-16 11:00:00,29.2,24.4,4.8,480.0
2022-11-16 12:00:00,29.2,25.5,3.7,370.0
2022-11-16 13:00:00,29.2,32.120000000000005,-2.92,-292.0
2022-11-16 14:00:00,29.2,32.120000000000005,-2.92,-292.0
2022-11-16 15:00:00,29.2,32.120000000000005,-2.92,-292.0
2022-11-17 11:00:00,32.11,28.721000000000004,3.39,338.9
2022-11-17 12:00:00,32.11,21.071,11.04,1103.9
2022-11-17 09:31:00,0.0,0.0,0.0,
2022-11-18 11:00:00,30.6,25.75,4.85,485.0
2022-11-18 12:00:00,30.6,26.55,4.05,405.0
2022-11-18 13:00:00,30.6,19.150000000000002,11.45,1145.0
2022-11-18 14:00:00,30.6,18.450000000000003,12.15,1215.0
2022-11-18 15:00:00,30.6,20.75,9.85,985.0
2022-11-21 11:00:00,24.72,16.310000000000002,8.41,841.0
2022-11-21 12:00:00,24.72,14.91,9.81,981.0
2022-11-21 13:00:00,24.72,14.91,9.81,981.0
2022-11-21 14:00:00,24.72,17.51,7.21,721.0
2022-11-21 15:00:00,24.72,14.21,10.51,1051.0
2022-11-22 09:30:00,0.0,0.0,0.0,
2022-11-23 11:00:00,26.14,21.044,5.1,509.6
2022-11-23 12:00:00,26.14,28.754,-2.61,-261.4
2022-11-23 13:00:00,26.14,28.754,-2.61,-261.4
2022-11-23 14:00:00,26.14,28.754,-2.61,-261.4
2022-11-23 15:00:00,26.14,28.754,-2.61,-261.4
2022-11-25 11:00:00,13.899999999999999,12.17,1.73,173.0
2022-11-25 12:00:00,13.899999999999999,11.120000000000001,2.78,278.0
2022-11-25 09:30:00,0.0,0.0,0.0,
2022-11-28 11:00:00,21.0,23.1,-2.1,-210.0
2022-11-28 12:00:00,21.0,23.1,-2.1,-210.0
2022-11-28 13:00:00,21.0,23.1,-2.1,-210.0
2022-11-28 14:00:00,21.0,23.1,-2.1,-210.0
2022-11-28 15:00:00,21.0,23.1,-2.1,-210.0
2022-11-29 11:00:00,19.9,21.89,-1.99,-199.0
2022-11-29 12:00:00,19.9,21.89,-1.99,-199.0
2022-11-29 13:00:00,19.9,21.89,-1.99,-199.0
2022-11-29 14:00:00,19.9,21.89,-1.99,-199.0
2022-11-29 15:00:00,19.9,21.89,-1.99,-199.0
2022-11-30 11:00:00,43.3,47.63000000000001,-4.33,-433.0
2022-11-30 12:00:00,43.3,47.63000000000001,-4.33,-433.0
2022-11-30 13:00:00,43.3,47.63000000000001,-4.33,-433.0
2022-11-30 14:00:00,43.3,47.63000000000001,-4.33,-433.0
2022-11-30 09:30:00,0.0,0.0,0.0,
2022-12-01 11:00:00,23.68,26.048000000000002,-2.37,-236.8
2022-12-01 12:00:00,23.68,26.048000000000002,-2.37,-236.8
2022-12-01 13:00:00,23.68,26.048000000000002,-2.37,-236.8
2022-12-01 14:00:00,23.68,26.048000000000002,-2.37,-236.8
2022-12-01 15:00:00,23.68,26.048000000000002,-2.37,-236.8
2022-12-02 11:00:00,28.9,31.79,-2.89,-289.0
2022-12-02 12:00:00,28.9,31.79,-2.89,-289.0
2022-12-02 13:00:00,28.9,31.79,-2.89,-289.0
2022-12-02 14:00:00,28.9,31.79,-2.89,-289.0
2022-12-02 15:00:00,28.9,31.79,-2.89,-289.0
2022-12-05 11:00:00,23.2,25.520000000000003,-2.32,-232.0
2022-12-05 12:00:00,23.2,25.520000000000003,-2.32,-232.0
2022-12-05 13:00:00,23.2,25.520000000000003,-2.32,-232.0
2022-12-05 14:00:00,23.2,25.520000000000003,-2.32,-232.0
2022-12-05 15:00:00,23.2,25.520000000000003,-2.32,-232.0
2022-12-06 11:00:00,25.7,28.27,-2.57,-257.0
2022-12-06 12:00:00,25.7,28.27,-2.57,-257.0
2022-12-06 13:00:00,25.7,28.27,-2.57,-257.0
2022-12-06 14:00:00,25.7,28.27,-2.57,-257.0
2022-12-06 15:00:00,25.7,28.27,-2.57,-257.0
2022-12-07 11:00:00,31.18,22.628000000000004,8.55,855.2
2022-12-07 12:00:00,31.18,24.378,6.8,680.2
2022-12-07 09:30:00,0.0,0.0,0.0,
2022-12-08 11:00:00,24.3,26.730000000000004,-2.43,-243.0
2022-12-08 12:00:00,24.3,26.730000000000004,-2.43,-243.0
2022-12-08 13:00:00,24.3,26.730000000000004,-2.43,-243.0
2022-12-08 14:00:00,24.3,26.730000000000004,-2.43,-243.0
2022-12-08 15:00:00,24.3,26.730000000000004,-2.43,-243.0
2022-12-09 11:00:00,27.9,30.690000000000005,-2.79,-279.0
2022-12-09 12:00:00,27.9,30.690000000000005,-2.79,-279.0
2022-12-09 13:00:00,27.9,30.690000000000005,-2.79,-279.0
2022-12-09 14:00:00,27.9,30.690000000000005,-2.79,-279.0
2022-12-09 15:00:00,27.9,30.690000000000005,-2.79,-279.0
2022-12-12 11:00:00,21.0,19.61,1.39,139.0
2022-12-12 12:00:00,21.0,23.1,-2.1,-210.0
2022-12-12 13:00:00,21.0,23.1,-2.1,-210.0
2022-12-12 14:00:00,21.0,23.1,-2.1,-210.0
2022-12-12 15:00:00,21.0,23.1,-2.1,-210.0
2022-12-13 11:00:00,35.7,39.27,-3.57,-357.0
2022-12-13 12:00:00,35.7,39.27,-3.57,-357.0
2022-12-13 13:00:00,35.7,39.27,-3.57,-357.0
2022-12-13 14:00:00,35.7,39.27,-3.57,-357.0
2022-12-13 15:00:00,35.7,39.27,-3.57,-357.0
2022-12-14 11:00:00,68.4,69.23,-0.83,-83.0
2022-12-14 09:30:00,0.0,0.0,0.0,
2022-12-15 11:00:00,31.41,34.551,-3.14,-314.1
2022-12-15 12:00:00,31.41,34.551,-3.14,-314.1
2022-12-15 13:00:00,31.41,34.551,-3.14,-314.1
2022-12-15 14:00:00,31.41,34.551,-3.14,-314.1
2022-12-15 15:00:00,31.41,34.551,-3.14,-314.1
2022-12-16 11:00:00,35.7,24.380000000000003,11.32,1132.0
2022-12-16 12:00:00,35.7,20.150000000000002,15.55,1555.0
2022-12-16 13:00:00,35.7,18.85,16.85,1685.0
2022-12-16 14:00:00,35.7,19.1,16.6,1660.0
2022-12-16 15:00:00,35.7,20.020000000000003,15.68,1568.0
2022-12-19 11:00:00,23.6,25.96,-2.36,-236.0
2022-12-19 12:00:00,23.6,25.96,-2.36,-236.0
2022-12-19 13:00:00,23.6,25.96,-2.36,-236.0
2022-12-19 14:00:00,23.6,25.96,-2.36,-236.0
2022-12-19 15:00:00,23.6,25.96,-2.36,-236.0
2022-12-20 11:00:00,26.18,28.798000000000002,-2.62,-261.8
2022-12-20 12:00:00,26.18,28.798000000000002,-2.62,-261.8
2022-12-20 13:00:00,26.18,28.798000000000002,-2.62,-261.8
2022-12-20 14:00:00,26.18,28.798000000000002,-2.62,-261.8
2022-12-20 15:00:00,26.18,28.798000000000002,-2.62,-261.8
2022-12-21 11:00:00,24.15,26.564999999999998,-2.42,-241.5
2022-12-21 12:00:00,24.15,26.564999999999998,-2.42,-241.5
2022-12-21 09:30:00,0.0,0.0,0.0,
2022-12-22 11:00:00,23.6,13.88,9.72,972.0
2022-12-22 12:00:00,23.6,12.48,11.12,1112.0
2022-12-22 13:00:00,23.6,11.180000000000001,12.42,1242.0
2022-12-22 14:00:00,23.6,11.13,12.47,1247.0
2022-12-22 15:00:00,23.6,11.580000000000002,12.02,1202.0
2022-12-23 11:00:00,31.089999999999996,34.199,-3.11,-310.9
2022-12-23 12:00:00,31.089999999999996,34.199,-3.11,-310.9
2022-12-23 09:30:00,0.0,0.0,0.0,
2022-12-27 11:00:00,26.299999999999997,28.93,-2.63,-263.0
2022-12-27 12:00:00,26.299999999999997,28.93,-2.63,-263.0
2022-12-27 09:30:00,0.0,0.0,0.0,
2022-12-28 11:00:00,22.060000000000002,24.266000000000002,-2.21,-220.6
2022-12-28 12:00:00,22.060000000000002,24.266000000000002,-2.21,-220.6
2022-12-28 13:00:00,22.060000000000002,24.266000000000002,-2.21,-220.6
2022-12-28 14:00:00,22.060000000000002,24.266000000000002,-2.21,-220.6
2022-12-28 15:00:00,22.060000000000002,24.266000000000002,-2.21,-220.6
2022-12-29 11:00:00,22.8,25.080000000000005,-2.28,-228.0
2022-12-29 12:00:00,22.8,25.080000000000005,-2.28,-228.0
2022-12-29 09:30:00,0.0,0.0,0.0,
2022-12-30 11:00:00,26.6,29.260000000000005,-2.66,-266.0
2022-12-30 12:00:00,26.6,29.260000000000005,-2.66,-266.0
2022-12-30 13:00:00,26.6,29.260000000000005,-2.66,-266.0
2022-12-30 14:00:00,26.6,29.260000000000005,-2.66,-266.0
2022-12-30 15:00:00,26.6,29.260000000000005,-2.66,-266.0
2023-01-03 11:00:00,27.23,26.988,0.24,24.2
2023-01-03 12:00:00,27.23,15.308000000000002,11.92,1192.2
2023-01-03 13:00:00,27.23,14.308000000000002,12.92,1292.2
2023-01-03 14:00:00,27.23,14.788000000000002,12.44,1244.2
2023-01-03 15:00:00,27.23,14.838000000000003,12.39,1239.2
2023-01-04 11:00:00,36.2,39.82,-3.62,-362.0
2023-01-04 09:30:00,0.0,0.0,0.0,
2023-01-05 11:00:00,28.439999999999998,28.814,-0.37,-37.4
2023-01-05 12:00:00,28.439999999999998,31.284000000000002,-2.84,-284.4
2023-01-05 13:00:00,28.439999999999998,31.284000000000002,-2.84,-284.4
2023-01-05 14:00:00,28.439999999999998,31.284000000000002,-2.84,-284.4
2023-01-05 15:00:00,28.439999999999998,31.284000000000002,-2.84,-284.4
2023-01-06 11:00:00,30.7,33.77,-3.07,-307.0
2023-01-06 12:00:00,30.7,33.77,-3.07,-307.0
2023-01-06 09:30:00,0.0,0.0,0.0,
2023-01-09 11:00:00,23.1,25.410000000000004,-2.31,-231.0
2023-01-09 12:00:00,23.1,25.410000000000004,-2.31,-231.0
2023-01-09 13:00:00,23.1,25.410000000000004,-2.31,-231.0
2023-01-09 14:00:00,23.1,25.410000000000004,-2.31,-231.0
2023-01-09 15:00:00,23.1,25.410000000000004,-2.31,-231.0
2023-01-10 11:00:00,27.32,30.052,-2.73,-273.2
2023-01-10 12:00:00,27.32,30.052,-2.73,-273.2
2023-01-10 13:00:00,27.32,30.052,-2.73,-273.2
2023-01-10 14:00:00,27.32,30.052,-2.73,-273.2
2023-01-10 15:00:00,27.32,30.052,-2.73,-273.2
2023-01-11 11:00:00,21.7,23.87,-2.17,-217.0
2023-01-11 12:00:00,21.7,23.87,-2.17,-217.0
2023-01-11 13:00:00,21.7,23.87,-2.17,-217.0
2023-01-11 14:00:00,21.7,23.87,-2.17,-217.0
2023-01-11 15:00:00,21.7,23.87,-2.17,-217.0
2023-01-12 11:00:00,34.42,37.862,-3.44,-344.2
2023-01-12 12:00:00,34.42,37.862,-3.44,-344.2
2023-01-12 09:31:00,0.0,0.0,0.0,
2023-01-13 11:00:00,23.9,26.290000000000003,-2.39,-239.0
2023-01-13 12:00:00,23.9,26.290000000000003,-2.39,-239.0
2023-01-13 13:00:00,23.9,26.290000000000003,-2.39,-239.0
2023-01-13 14:00:00,23.9,26.290000000000003,-2.39,-239.0
2023-01-13 15:00:00,23.9,26.290000000000003,-2.39,-239.0
2023-01-17 11:00:00,20.729999999999997,22.803,-2.07,-207.3
2023-01-17 12:00:00,20.729999999999997,22.803,-2.07,-207.3
2023-01-17 13:00:00,20.729999999999997,22.803,-2.07,-207.3
2023-01-17 14:00:00,20.729999999999997,22.803,-2.07,-207.3
2023-01-17 15:00:00,20.729999999999997,22.803,-2.07,-207.3
2023-01-18 11:00:00,20.7,22.77,-2.07,-207.0
2023-01-18 12:00:00,20.7,22.77,-2.07,-207.0
2023-01-18 13:00:00,20.7,22.77,-2.07,-207.0
2023-01-18 14:00:00,20.7,22.77,-2.07,-207.0
2023-01-18 15:00:00,20.7,22.77,-2.07,-207.0
2023-01-19 11:00:00,23.83,26.213,-2.38,-238.3
2023-01-19 12:00:00,23.83,26.213,-2.38,-238.3
2023-01-19 13:00:00,23.83,26.213,-2.38,-238.3
2023-01-19 14:00:00,23.83,26.213,-2.38,-238.3
2023-01-19 15:00:00,23.83,26.213,-2.38,-238.3
2023-01-20 11:00:00,23.299999999999997,17.97,5.33,533.0
2023-01-20 12:00:00,23.299999999999997,15.72,7.58,758.0
2023-01-20 13:00:00,23.299999999999997,15.120000000000001,8.18,818.0
2023-01-20 09:30:00,0.0,0.0,0.0,
2023-01-23 11:00:00,20.5,22.550000000000004,-2.05,-205.0
2023-01-23 12:00:00,20.5,22.550000000000004,-2.05,-205.0
2023-01-23 09:30:00,0.0,0.0,0.0,
2023-01-24 11:00:00,24.97,27.467000000000006,-2.5,-249.7
2023-01-24 12:00:00,24.97,27.467000000000006,-2.5,-249.7
2023-01-24 13:00:00,24.97,27.467000000000006,-2.5,-249.7
2023-01-24 14:00:00,24.97,27.467000000000006,-2.5,-249.7
2023-01-24 15:00:00,24.97,27.467000000000006,-2.5,-249.7
2023-01-25 11:00:00,25.04,27.544,-2.5,-250.4
2023-01-25 12:00:00,25.04,27.544,-2.5,-250.4
2023-01-25 09:30:00,0.0,0.0,0.0,
2023-01-26 11:00:00,28.15,30.965000000000003,-2.82,-281.5
2023-01-26 12:00:00,28.15,30.965000000000003,-2.82,-281.5
2023-01-26 13:00:00,28.15,30.965000000000003,-2.82,-281.5
2023-01-26 14:00:00,28.15,30.965000000000003,-2.82,-281.5
2023-01-26 15:00:00,28.15,30.965000000000003,-2.82,-281.5
2023-01-27 11:00:00,25.71,28.281000000000002,-2.57,-257.1
2023-01-27 12:00:00,25.71,28.281000000000002,-2.57,-257.1
2023-01-27 13:00:00,25.71,28.281000000000002,-2.57,-257.1
2023-01-27 14:00:00,25.71,28.281000000000002,-2.57,-257.1
2023-01-27 15:00:00,25.71,28.281000000000002,-2.57,-257.1
2023-01-30 11:00:00,24.5,26.950000000000003,-2.45,-245.0
2023-01-30 12:00:00,24.5,26.950000000000003,-2.45,-245.0
2023-01-30 13:00:00,24.5,26.950000000000003,-2.45,-245.0
2023-01-30 14:00:00,24.5,26.950000000000003,-2.45,-245.0
2023-01-30 15:00:00,24.5,26.950000000000003,-2.45,-245.0
2023-01-31 11:00:00,24.54,17.274,7.27,726.6
2023-01-31 12:00:00,24.54,16.624000000000002,7.92,791.6
2023-01-31 13:00:00,24.54,15.374,9.17,916.6
2023-01-31 14:00:00,24.54,14.824000000000002,9.72,971.6
2023-01-31 15:00:00,24.54,14.744000000000002,9.8,979.6
2023-02-01 11:00:00,52.38,57.61800000000001,-5.24,-523.8
2023-02-01 12:00:00,52.38,57.61800000000001,-5.24,-523.8
2023-02-01 13:00:00,52.38,57.61800000000001,-5.24,-523.8
2023-02-01 14:00:00,52.38,57.61800000000001,-5.24,-523.8
2023-02-01 15:00:00,52.38,57.61800000000001,-5.24,-523.8
2023-02-02 09:30:00,0.0,0.0,0.0,
2023-02-03 11:00:00,30.659999999999997,33.726,-3.07,-306.6
2023-02-03 12:00:00,30.659999999999997,33.726,-3.07,-306.6
2023-02-03 13:00:00,30.659999999999997,33.726,-3.07,-306.6
2023-02-03 14:00:00,30.659999999999997,33.726,-3.07,-306.6
2023-02-03 15:00:00,30.659999999999997,33.726,-3.07,-306.6
2023-02-06 11:00:00,26.1,28.71,-2.61,-261.0
2023-02-06 12:00:00,26.1,28.71,-2.61,-261.0
2023-02-06 13:00:00,26.1,28.71,-2.61,-261.0
2023-02-06 14:00:00,26.1,28.71,-2.61,-261.0
2023-02-06 15:00:00,26.1,28.71,-2.61,-261.0
2023-02-07 11:00:00,38.0,41.800000000000004,-3.8,-380.0
2023-02-07 12:00:00,38.0,41.800000000000004,-3.8,-380.0
2023-02-07 13:00:00,38.0,41.800000000000004,-3.8,-380.0
2023-02-07 14:00:00,38.0,41.800000000000004,-3.8,-380.0
2023-02-07 15:00:00,38.0,41.800000000000004,-3.8,-380.0
2023-02-08 11:00:00,26.450000000000003,29.095000000000006,-2.65,-264.5
2023-02-08 12:00:00,26.450000000000003,29.095000000000006,-2.65,-264.5
2023-02-08 13:00:00,26.450000000000003,29.095000000000006,-2.65,-264.5
2023-02-08 14:00:00,26.450000000000003,29.095000000000006,-2.65,-264.5
2023-02-08 15:00:00,26.450000000000003,29.095000000000006,-2.65,-264.5
2023-02-09 11:00:00,25.91,28.501,-2.59,-259.1
2023-02-09 12:00:00,25.91,28.501,-2.59,-259.1
2023-02-09 13:00:00,25.91,28.501,-2.59,-259.1
2023-02-09 14:00:00,25.91,28.501,-2.59,-259.1
2023-02-09 15:00:00,25.91,28.501,-2.59,-259.1
2023-02-10 11:00:00,29.9,32.89,-2.99,-299.0
2023-02-10 09:30:00,0.0,0.0,0.0,
2023-02-13 11:00:00,24.3,26.730000000000004,-2.43,-243.0
2023-02-13 12:00:00,24.3,26.730000000000004,-2.43,-243.0
2023-02-13 13:00:00,24.3,26.730000000000004,-2.43,-243.0
2023-02-13 14:00:00,24.3,26.730000000000004,-2.43,-243.0
2023-02-13 15:00:00,24.3,26.730000000000004,-2.43,-243.0
2023-02-14 11:00:00,30.5,33.550000000000004,-3.05,-305.0
2023-02-14 12:00:00,30.5,33.550000000000004,-3.05,-305.0
2023-02-14 13:00:00,30.5,33.550000000000004,-3.05,-305.0
2023-02-14 14:00:00,30.5,33.550000000000004,-3.05,-305.0
2023-02-14 15:00:00,30.5,33.550000000000004,-3.05,-305.0
2023-02-15 11:00:00,25.3,27.830000000000002,-2.53,-253.0
2023-02-15 12:00:00,25.3,27.830000000000002,-2.53,-253.0
2023-02-15 13:00:00,25.3,27.830000000000002,-2.53,-253.0
2023-02-15 14:00:00,25.3,27.830000000000002,-2.53,-253.0
2023-02-15 15:00:00,25.3,27.830000000000002,-2.53,-253.0
2023-02-16 09:30:00,0.0,0.0,0.0,
2023-02-17 11:00:00,30.299999999999997,33.33,-3.03,-303.0
2023-02-17 12:00:00,30.299999999999997,33.33,-3.03,-303.0
2023-02-17 13:00:00,30.299999999999997,33.33,-3.03,-303.0
2023-02-17 14:00:00,30.299999999999997,33.33,-3.03,-303.0
2023-02-17 15:00:00,30.299999999999997,33.33,-3.03,-303.0
2023-02-21 11:00:00,26.6,29.26,-2.66,-266.0
2023-02-21 12:00:00,26.6,29.26,-2.66,-266.0
2023-02-21 13:00:00,26.6,29.26,-2.66,-266.0
2023-02-21 14:00:00,26.6,29.26,-2.66,-266.0
2023-02-21 15:00:00,26.6,29.26,-2.66,-266.0
2023-02-22 11:00:00,28.35,31.185000000000002,-2.84,-283.5
2023-02-22 12:00:00,28.35,31.185000000000002,-2.84,-283.5
2023-02-22 13:00:00,28.35,31.185000000000002,-2.84,-283.5
2023-02-22 14:00:00,28.35,31.185000000000002,-2.84,-283.5
2023-02-22 15:00:00,28.35,31.185000000000002,-2.84,-283.5
2023-02-23 11:00:00,22.799999999999997,14.42,8.38,838.0
2023-02-23 12:00:00,22.799999999999997,11.99,10.81,1081.0
2023-02-23 13:00:00,22.799999999999997,12.02,10.78,1078.0
2023-02-23 14:00:00,22.799999999999997,11.92,10.88,1088.0
2023-02-23 15:00:00,22.799999999999997,12.77,10.03,1003.0
2023-02-24 11:00:00,28.0,30.8,-2.8,-280.0
2023-02-24 12:00:00,28.0,30.8,-2.8,-280.0
2023-02-24 13:00:00,28.0,30.8,-2.8,-280.0
2023-02-24 14:00:00,28.0,30.8,-2.8,-280.0
2023-02-24 15:00:00,28.0,30.8,-2.8,-280.0
2023-02-27 11:00:00,22.700000000000003,24.970000000000006,-2.27,-227.0
2023-02-27 12:00:00,22.700000000000003,24.970000000000006,-2.27,-227.0
2023-02-27 13:00:00,22.700000000000003,24.970000000000006,-2.27,-227.0
2023-02-27 14:00:00,22.700000000000003,24.970000000000006,-2.27,-227.0
2023-02-27 15:00:00,22.700000000000003,24.970000000000006,-2.27,-227.0
2023-02-28 11:00:00,23.34,25.674,-2.33,-233.4
2023-02-28 12:00:00,23.34,25.674,-2.33,-233.4
2023-02-28 13:00:00,23.34,25.674,-2.33,-233.4
2023-02-28 14:00:00,23.34,25.674,-2.33,-233.4
2023-02-28 15:00:00,23.34,25.674,-2.33,-233.4
2023-03-01 11:00:00,23.6,25.96,-2.36,-236.0
2023-03-01 12:00:00,23.6,25.96,-2.36,-236.0
2023-03-01 13:00:00,23.6,25.96,-2.36,-236.0
2023-03-01 14:00:00,23.6,25.96,-2.36,-236.0
2023-03-01 15:00:00,23.6,25.96,-2.36,-236.0
2023-03-02 11:00:00,23.4,25.740000000000002,-2.34,-234.0
2023-03-02 12:00:00,23.4,25.740000000000002,-2.34,-234.0
2023-03-02 13:00:00,23.4,25.740000000000002,-2.34,-234.0
2023-03-02 14:00:00,23.4,25.740000000000002,-2.34,-234.0
2023-03-02 15:00:00,23.4,25.740000000000002,-2.34,-234.0
2023-03-03 11:00:00,23.52,25.872,-2.35,-235.2
2023-03-03 12:00:00,23.52,25.872,-2.35,-235.2
2023-03-03 13:00:00,23.52,25.872,-2.35,-235.2
2023-03-03 14:00:00,23.52,25.872,-2.35,-235.2
2023-03-03 15:00:00,23.52,25.872,-2.35,-235.2
2023-03-06 11:00:00,21.3,17.330000000000002,3.97,397.0
2023-03-06 09:30:00,0.0,0.0,0.0,
2023-03-07 11:00:00,31.64,34.804,-3.16,-316.4
2023-03-07 12:00:00,31.64,34.804,-3.16,-316.4
2023-03-07 13:00:00,31.64,34.804,-3.16,-316.4
2023-03-07 14:00:00,31.64,34.804,-3.16,-316.4
2023-03-07 15:00:00,31.64,34.804,-3.16,-316.4
2023-03-08 11:00:00,25.35,27.885,-2.54,-253.5
2023-03-08 12:00:00,25.35,27.885,-2.54,-253.5
2023-03-08 13:00:00,25.35,27.885,-2.54,-253.5
2023-03-08 14:00:00,25.35,27.885,-2.54,-253.5
2023-03-08 15:00:00,25.35,27.885,-2.54,-253.5
2023-03-09 11:00:00,21.2,23.32,-2.12,-212.0
2023-03-09 12:00:00,21.2,23.32,-2.12,-212.0
2023-03-09 13:00:00,21.2,23.32,-2.12,-212.0
2023-03-09 14:00:00,21.2,23.32,-2.12,-212.0
2023-03-09 15:00:00,21.2,23.32,-2.12,-212.0
2023-03-10 11:00:00,37.1,40.81,-3.71,-371.0
2023-03-10 12:00:00,37.1,40.81,-3.71,-371.0
2023-03-10 13:00:00,37.1,40.81,-3.71,-371.0
2023-03-10 14:00:00,37.1,40.81,-3.71,-371.0
2023-03-10 15:00:00,37.1,40.81,-3.71,-371.0
2023-03-13 11:00:00,50.25,55.275000000000006,-5.03,-502.5
2023-03-13 12:00:00,50.25,55.275000000000006,-5.03,-502.5
2023-03-13 13:00:00,50.25,55.275000000000006,-5.03,-502.5
2023-03-13 09:30:00,0.0,0.0,0.0,
2023-03-14 11:00:00,33.400000000000006,26.71,6.69,669.0
2023-03-14 12:00:00,33.400000000000006,23.71,9.69,969.0
2023-03-14 13:00:00,33.400000000000006,26.650000000000002,6.75,675.0
2023-03-14 14:00:00,33.400000000000006,36.74000000000001,-3.34,-334.0
2023-03-14 15:00:00,33.400000000000006,36.74000000000001,-3.34,-334.0
2023-03-15 11:00:00,40.2,44.220000000000006,-4.02,-402.0
2023-03-15 12:00:00,40.2,44.220000000000006,-4.02,-402.0
2023-03-15 13:00:00,40.2,44.220000000000006,-4.02,-402.0
2023-03-15 14:00:00,40.2,44.220000000000006,-4.02,-402.0
2023-03-15 15:00:00,40.2,44.220000000000006,-4.02,-402.0
2023-03-16 11:00:00,35.6,39.160000000000004,-3.56,-356.0
2023-03-16 12:00:00,35.6,39.160000000000004,-3.56,-356.0
2023-03-16 13:00:00,35.6,39.160000000000004,-3.56,-356.0
2023-03-16 09:30:00,0.0,0.0,0.0,
2023-03-17 11:00:00,31.04,34.144000000000005,-3.1,-310.4
2023-03-17 12:00:00,31.04,34.144000000000005,-3.1,-310.4
2023-03-17 13:00:00,31.04,34.144000000000005,-3.1,-310.4
2023-03-17 14:00:00,31.04,34.144000000000005,-3.1,-310.4
2023-03-17 15:00:00,31.04,34.144000000000005,-3.1,-310.4
2023-03-20 11:00:00,34.1,37.510000000000005,-3.41,-341.0
2023-03-20 12:00:00,34.1,37.510000000000005,-3.41,-341.0
2023-03-20 13:00:00,34.1,37.510000000000005,-3.41,-341.0
2023-03-20 14:00:00,34.1,37.510000000000005,-3.41,-341.0
2023-03-20 15:00:00,34.1,37.510000000000005,-3.41,-341.0
2023-03-21 11:00:00,22.9,25.190000000000005,-2.29,-229.0
2023-03-21 12:00:00,22.9,25.190000000000005,-2.29,-229.0
2023-03-21 13:00:00,22.9,25.190000000000005,-2.29,-229.0
2023-03-21 14:00:00,22.9,25.190000000000005,-2.29,-229.0
2023-03-21 15:00:00,22.9,25.190000000000005,-2.29,-229.0
2023-03-22 11:00:00,53.3,53.67,-0.37,-37.0
2023-03-22 12:00:00,53.3,55.27,-1.97,-197.0
2023-03-22 13:00:00,53.3,58.63000000000001,-5.33,-533.0
2023-03-22 14:00:00,53.3,58.63000000000001,-5.33,-533.0
2023-03-22 15:00:00,53.3,58.63000000000001,-5.33,-533.0
2023-03-23 11:00:00,26.939999999999998,29.634,-2.69,-269.4
2023-03-23 12:00:00,26.939999999999998,29.634,-2.69,-269.4
2023-03-23 13:00:00,26.939999999999998,29.634,-2.69,-269.4
2023-03-23 14:00:00,26.939999999999998,29.634,-2.69,-269.4
2023-03-23 15:00:00,26.939999999999998,29.634,-2.69,-269.4
2023-03-24 11:00:00,36.599999999999994,40.260000000000005,-3.66,-366.0
2023-03-24 12:00:00,36.599999999999994,40.260000000000005,-3.66,-366.0
2023-03-24 13:00:00,36.599999999999994,40.260000000000005,-3.66,-366.0
2023-03-24 14:00:00,36.599999999999994,40.260000000000005,-3.66,-366.0
2023-03-24 15:00:00,36.599999999999994,40.260000000000005,-3.66,-366.0
2023-03-27 11:00:00,27.4,20.240000000000002,7.16,716.0
2023-03-27 12:00:00,27.4,17.44,9.96,996.0
2023-03-27 13:00:00,27.4,16.94,10.46,1046.0
2023-03-27 14:00:00,27.4,15.84,11.56,1156.0
2023-03-27 15:00:00,27.4,20.840000000000003,6.56,656.0
2023-03-28 11:00:00,24.7,27.17,-2.47,-247.0
2023-03-28 12:00:00,24.7,27.17,-2.47,-247.0
2023-03-28 13:00:00,24.7,27.17,-2.47,-247.0
2023-03-28 14:00:00,24.7,27.17,-2.47,-247.0
2023-03-28 15:00:00,24.7,27.17,-2.47,-247.0
2023-03-29 11:00:00,22.1,24.310000000000002,-2.21,-221.0
2023-03-29 12:00:00,22.1,24.310000000000002,-2.21,-221.0
2023-03-29 13:00:00,22.1,24.310000000000002,-2.21,-221.0
2023-03-29 14:00:00,22.1,24.310000000000002,-2.21,-221.0
2023-03-29 15:00:00,22.1,24.310000000000002,-2.21,-221.0
2023-03-30 11:00:00,18.0,19.8,-1.8,-180.0
2023-03-30 12:00:00,18.0,19.8,-1.8,-180.0
2023-03-30 13:00:00,18.0,19.8,-1.8,-180.0
2023-03-30 14:00:00,18.0,19.8,-1.8,-180.0
2023-03-30 15:00:00,18.0,19.8,-1.8,-180.0
2023-03-31 11:00:00,17.8,19.58,-1.78,-178.0
2023-03-31 12:00:00,17.8,19.58,-1.78,-178.0
2023-03-31 09:30:00,0.0,0.0,0.0,
2023-04-03 11:00:00,20.41,22.451,-2.04,-204.1
2023-04-03 12:00:00,20.41,22.451,-2.04,-204.1
2023-04-03 13:00:00,20.41,22.451,-2.04,-204.1
2023-04-03 14:00:00,20.41,22.451,-2.04,-204.1
2023-04-03 15:00:00,20.41,22.451,-2.04,-204.1
2023-04-04 11:00:00,17.07,10.057,7.01,701.3
2023-04-04 12:00:00,17.07,8.757000000000001,8.31,831.3
2023-04-04 13:00:00,17.07,8.457,8.61,861.3
2023-04-04 14:00:00,17.07,8.327000000000002,8.74,874.3
2023-04-04 15:00:00,17.07,8.157000000000002,8.91,891.3
2023-04-05 11:00:00,19.4,10.73,8.67,867.0
2023-04-05 12:00:00,19.4,10.85,8.55,855.0
2023-04-05 13:00:00,19.4,9.3,10.1,1010.0
2023-04-05 14:00:00,19.4,9.88,9.52,952.0
2023-04-05 15:00:00,19.4,9.98,9.42,942.0
2023-04-06 11:00:00,20.009999999999998,22.011000000000003,-2.0,-200.1
2023-04-06 12:00:00,20.009999999999998,22.011000000000003,-2.0,-200.1
2023-04-06 13:00:00,20.009999999999998,22.011000000000003,-2.0,-200.1
2023-04-06 09:30:00,0.0,0.0,0.0,
2023-04-10 11:00:00,20.22,17.82,2.4,240.0
2023-04-10 12:00:00,20.22,16.22,4.0,400.0
2023-04-10 13:00:00,20.22,14.02,6.2,620.0
2023-04-10 09:30:00,0.0,0.0,0.0,
2023-04-11 11:00:00,18.0,19.8,-1.8,-180.0
2023-04-11 12:00:00,18.0,19.8,-1.8,-180.0
2023-04-11 13:00:00,18.0,19.8,-1.8,-180.0
2023-04-11 14:00:00,18.0,19.8,-1.8,-180.0
2023-04-11 15:00:00,18.0,19.8,-1.8,-180.0
2023-04-12 11:00:00,23.700000000000003,26.070000000000004,-2.37,-237.0
2023-04-12 12:00:00,23.700000000000003,26.070000000000004,-2.37,-237.0
2023-04-12 13:00:00,23.700000000000003,26.070000000000004,-2.37,-237.0
2023-04-12 14:00:00,23.700000000000003,26.070000000000004,-2.37,-237.0
2023-04-12 15:00:00,23.700000000000003,26.070000000000004,-2.37,-237.0
2023-04-13 11:00:00,18.7,20.57,-1.87,-187.0
2023-04-13 12:00:00,18.7,20.57,-1.87,-187.0
2023-04-13 13:00:00,18.7,20.57,-1.87,-187.0
2023-04-13 14:00:00,18.7,20.57,-1.87,-187.0
2023-04-13 09:30:00,0.0,0.0,0.0,
2023-04-14 11:00:00,20.0,22.0,-2.0,-200.0
2023-04-14 12:00:00,20.0,22.0,-2.0,-200.0
2023-04-14 13:00:00,20.0,22.0,-2.0,-200.0
2023-04-14 14:00:00,20.0,22.0,-2.0,-200.0
2023-04-14 15:00:00,20.0,22.0,-2.0,-200.0
2023-04-17 11:00:00,17.8,14.18,3.62,362.0
2023-04-17 12:00:00,17.8,10.53,7.27,727.0
2023-04-17 13:00:00,17.8,10.3,7.5,750.0
2023-04-17 14:00:00,17.8,9.08,8.72,872.0
2023-04-17 15:00:00,17.8,12.48,5.32,532.0
2023-04-18 11:00:00,17.1,12.16,4.94,494.0
2023-04-18 12:00:00,17.1,9.96,7.14,714.0
2023-04-18 13:00:00,17.1,11.02,6.08,608.0
2023-04-18 14:00:00,17.1,11.16,5.94,594.0
2023-04-18 15:00:00,17.1,9.46,7.64,764.0
2023-04-19 11:00:00,17.6,19.36,-1.76,-176.0
2023-04-19 12:00:00,17.6,19.36,-1.76,-176.0
2023-04-19 13:00:00,17.6,19.36,-1.76,-176.0
2023-04-19 14:00:00,17.6,19.36,-1.76,-176.0
2023-04-19 09:30:00,0.0,0.0,0.0,
2023-04-20 11:00:00,18.0,19.800000000000004,-1.8,-180.0
2023-04-20 12:00:00,18.0,19.800000000000004,-1.8,-180.0
2023-04-20 13:00:00,18.0,19.800000000000004,-1.8,-180.0
2023-04-20 14:00:00,18.0,19.800000000000004,-1.8,-180.0
2023-04-20 15:00:00,18.0,19.800000000000004,-1.8,-180.0
2023-04-21 11:00:00,18.8,20.68,-1.88,-188.0
2023-04-21 12:00:00,18.8,20.68,-1.88,-188.0
2023-04-21 13:00:00,18.8,20.68,-1.88,-188.0
2023-04-21 14:00:00,18.8,20.68,-1.88,-188.0
2023-04-21 15:00:00,18.8,20.68,-1.88,-188.0
2023-04-24 11:00:00,17.1,18.810000000000002,-1.71,-171.0
2023-04-24 12:00:00,17.1,18.810000000000002,-1.71,-171.0
2023-04-24 13:00:00,17.1,18.810000000000002,-1.71,-171.0
2023-04-24 14:00:00,17.1,18.810000000000002,-1.71,-171.0
2023-04-24 15:00:00,17.1,18.810000000000002,-1.71,-171.0
2023-04-25 11:00:00,15.32,11.425,3.9,389.5
2023-04-25 12:00:00,15.32,8.275,7.05,704.5
2023-04-25 13:00:00,15.32,7.255,8.07,806.5
2023-04-25 14:00:00,15.32,6.505,8.82,881.5
2023-04-25 15:00:00,15.32,6.3950000000000005,8.93,892.5
2023-04-26 11:00:00,19.7,21.67,-1.97,-197.0
2023-04-26 09:30:00,0.0,0.0,0.0,
2023-04-27 11:00:00,17.130000000000003,18.843000000000004,-1.71,-171.3
2023-04-27 12:00:00,17.130000000000003,18.843000000000004,-1.71,-171.3
2023-04-27 09:30:00,0.0,0.0,0.0,
2023-04-28 11:00:00,17.6,19.36,-1.76,-176.0
2023-04-28 12:00:00,17.6,19.36,-1.76,-176.0
2023-04-28 13:00:00,17.6,19.36,-1.76,-176.0
2023-04-28 09:30:00,0.0,0.0,0.0,
2023-05-01 11:00:00,16.740000000000002,18.414,-1.67,-167.4
2023-05-01 12:00:00,16.740000000000002,18.414,-1.67,-167.4
2023-05-01 13:00:00,16.740000000000002,18.414,-1.67,-167.4
2023-05-01 14:00:00,16.740000000000002,18.414,-1.67,-167.4
2023-05-01 15:00:00,16.740000000000002,18.414,-1.67,-167.4
2023-05-02 11:00:00,16.48,18.128,-1.65,-164.8
2023-05-02 12:00:00,16.48,18.128,-1.65,-164.8
2023-05-02 13:00:00,16.48,18.128,-1.65,-164.8
2023-05-02 14:00:00,16.48,18.128,-1.65,-164.8
2023-05-02 15:00:00,16.48,18.128,-1.65,-164.8
2023-05-03 11:00:00,39.79,35.449000000000005,4.34,434.1
2023-05-03 12:00:00,39.79,36.749,3.04,304.1
2023-05-03 13:00:00,39.79,39.04900000000001,0.74,74.1
2023-05-03 14:00:00,39.79,43.769000000000005,-3.98,-397.9
2023-05-03 15:00:00,39.79,43.769000000000005,-3.98,-397.9
2023-05-04 11:00:00,28.9,24.87,4.03,403.0
2023-05-04 12:00:00,28.9,31.79,-2.89,-289.0
2023-05-04 13:00:00,28.9,31.79,-2.89,-289.0
2023-05-04 14:00:00,28.9,31.79,-2.89,-289.0
2023-05-04 15:00:00,28.9,31.79,-2.89,-289.0
2023-05-05 11:00:00,22.2,24.42,-2.22,-222.0
2023-05-05 12:00:00,22.2,24.42,-2.22,-222.0
2023-05-05 13:00:00,22.2,24.42,-2.22,-222.0
2023-05-05 14:00:00,22.2,24.42,-2.22,-222.0
2023-05-05 15:00:00,22.2,24.42,-2.22,-222.0
2023-05-08 11:00:00,18.35,18.11,0.24,24.0
2023-05-08 12:00:00,18.35,17.8,0.55,55.0
2023-05-08 13:00:00,18.35,14.71,3.64,364.0
2023-05-08 14:00:00,18.35,17.9,0.45,45.0
2023-05-08 15:00:00,18.35,20.185000000000002,-1.84,-183.5
2023-05-09 11:00:00,16.22,14.530000000000001,1.69,169.0
2023-05-09 12:00:00,16.22,11.21,5.01,501.0
2023-05-09 13:00:00,16.22,12.11,4.11,411.0
2023-05-09 14:00:00,16.22,15.260000000000002,0.96,96.0
2023-05-09 15:00:00,16.22,11.21,5.01,501.0
2023-05-10 11:00:00,22.6,24.86,-2.26,-226.0
2023-05-10 12:00:00,22.6,24.86,-2.26,-226.0
2023-05-10 13:00:00,22.6,24.86,-2.26,-226.0
2023-05-10 14:00:00,22.6,24.86,-2.26,-226.0
2023-05-10 15:00:00,22.6,24.86,-2.26,-226.0
2023-05-11 11:00:00,21.78,23.958000000000002,-2.18,-217.8
2023-05-11 12:00:00,21.78,23.958000000000002,-2.18,-217.8
2023-05-11 13:00:00,21.78,23.958000000000002,-2.18,-217.8
2023-05-11 14:00:00,21.78,23.958000000000002,-2.18,-217.8
2023-05-11 15:00:00,21.78,23.958000000000002,-2.18,-217.8
2023-05-12 11:00:00,18.0,19.8,-1.8,-180.0
2023-05-12 12:00:00,18.0,19.8,-1.8,-180.0
2023-05-12 13:00:00,18.0,19.8,-1.8,-180.0
2023-05-12 14:00:00,18.0,19.8,-1.8,-180.0
2023-05-12 15:00:00,18.0,19.8,-1.8,-180.0
2023-05-15 11:00:00,18.3,20.130000000000003,-1.83,-183.0
2023-05-15 12:00:00,18.3,20.130000000000003,-1.83,-183.0
2023-05-15 13:00:00,18.3,20.130000000000003,-1.83,-183.0
2023-05-15 14:00:00,18.3,20.130000000000003,-1.83,-183.0
2023-05-15 15:00:00,18.3,20.130000000000003,-1.83,-183.0
2023-05-16 11:00:00,17.6,19.360000000000003,-1.76,-176.0
2023-05-16 12:00:00,17.6,19.360000000000003,-1.76,-176.0
2023-05-16 13:00:00,17.6,19.360000000000003,-1.76,-176.0
2023-05-16 14:00:00,17.6,19.360000000000003,-1.76,-176.0
2023-05-16 15:00:00,17.6,19.360000000000003,-1.76,-176.0
2023-05-17 11:00:00,17.0,18.700000000000003,-1.7,-170.0
2023-05-17 12:00:00,17.0,18.700000000000003,-1.7,-170.0
2023-05-17 13:00:00,17.0,18.700000000000003,-1.7,-170.0
2023-05-17 09:30:00,0.0,0.0,0.0,
2023-05-18 11:00:00,18.23,11.823,6.41,640.7
2023-05-18 09:30:00,0.0,0.0,0.0,
2023-05-19 11:00:00,21.9,21.48,0.42,42.0
2023-05-19 12:00:00,21.9,12.93,8.97,897.0
2023-05-19 13:00:00,21.9,11.98,9.92,992.0
2023-05-19 14:00:00,21.9,9.73,12.17,1217.0
2023-05-19 15:00:00,21.9,9.98,11.92,1192.0
2023-05-22 11:00:00,19.3,21.230000000000004,-1.93,-193.0
2023-05-22 12:00:00,19.3,21.230000000000004,-1.93,-193.0
2023-05-22 13:00:00,19.3,21.230000000000004,-1.93,-193.0
2023-05-22 14:00:00,19.3,21.230000000000004,-1.93,-193.0
2023-05-22 15:00:00,19.3,21.230000000000004,-1.93,-193.0
2023-05-23 11:00:00,18.22,20.042,-1.82,-182.2
2023-05-23 12:00:00,18.22,20.042,-1.82,-182.2
2023-05-23 13:00:00,18.22,20.042,-1.82,-182.2
2023-05-23 14:00:00,18.22,20.042,-1.82,-182.2
2023-05-23 15:00:00,18.22,20.042,-1.82,-182.2
2023-05-24 11:00:00,23.5,19.07,4.43,443.0
2023-05-24 12:00:00,23.5,25.85,-2.35,-235.0
2023-05-24 13:00:00,23.5,25.85,-2.35,-235.0
2023-05-24 14:00:00,23.5,25.85,-2.35,-235.0
2023-05-24 15:00:00,23.5,25.85,-2.35,-235.0
2023-05-25 11:00:00,22.83,22.8,0.03,3.0
2023-05-25 12:00:00,22.83,25.113,-2.28,-228.3
2023-05-25 13:00:00,22.83,25.113,-2.28,-228.3
2023-05-25 14:00:00,22.83,25.113,-2.28,-228.3
2023-05-25 15:00:00,22.83,25.113,-2.28,-228.3
2023-05-26 11:00:00,21.7,23.87,-2.17,-217.0
2023-05-26 12:00:00,21.7,23.87,-2.17,-217.0
2023-05-26 13:00:00,21.7,23.87,-2.17,-217.0
2023-05-26 09:30:00,0.0,0.0,0.0,
2023-05-30 11:00:00,19.15,21.064999999999998,-1.92,-191.5
2023-05-30 12:00:00,19.15,21.064999999999998,-1.92,-191.5
2023-05-30 13:00:00,19.15,21.064999999999998,-1.92,-191.5
2023-05-30 14:00:00,19.15,21.064999999999998,-1.92,-191.5
2023-05-30 15:00:00,19.15,21.064999999999998,-1.92,-191.5
2023-05-31 11:00:00,19.5,21.450000000000003,-1.95,-195.0
2023-05-31 12:00:00,19.5,21.450000000000003,-1.95,-195.0
2023-05-31 13:00:00,19.5,21.450000000000003,-1.95,-195.0
2023-05-31 14:00:00,19.5,21.450000000000003,-1.95,-195.0
2023-05-31 15:00:00,19.5,21.450000000000003,-1.95,-195.0
2023-06-01 11:00:00,17.8,19.580000000000002,-1.78,-178.0
2023-06-01 12:00:00,17.8,19.580000000000002,-1.78,-178.0
2023-06-01 09:30:00,0.0,0.0,0.0,
2023-06-02 11:00:00,20.77,22.847,-2.08,-207.7
2023-06-02 12:00:00,20.77,22.847,-2.08,-207.7
2023-06-02 13:00:00,20.77,22.847,-2.08,-207.7
2023-06-02 14:00:00,20.77,22.847,-2.08,-207.7
2023-06-02 15:00:00,20.77,22.847,-2.08,-207.7
2023-06-05 11:00:00,16.3,17.930000000000003,-1.63,-163.0
2023-06-05 12:00:00,16.3,17.930000000000003,-1.63,-163.0
2023-06-05 13:00:00,16.3,17.930000000000003,-1.63,-163.0
2023-06-05 14:00:00,16.3,17.930000000000003,-1.63,-163.0
2023-06-05 15:00:00,16.3,17.930000000000003,-1.63,-163.0
2023-06-06 11:00:00,17.299999999999997,13.57,3.73,373.0
2023-06-06 12:00:00,17.299999999999997,12.82,4.48,448.0
2023-06-06 13:00:00,17.299999999999997,14.57,2.73,273.0
2023-06-06 14:00:00,17.299999999999997,14.87,2.43,243.0
2023-06-06 15:00:00,17.299999999999997,11.92,5.38,538.0
2023-06-07 11:00:00,15.8,9.500000000000002,6.3,630.0
2023-06-07 12:00:00,15.8,8.420000000000002,7.38,738.0
2023-06-07 13:00:00,15.8,8.020000000000001,7.78,778.0
2023-06-07 14:00:00,15.8,7.920000000000001,7.88,788.0
2023-06-07 15:00:00,15.8,7.780000000000001,8.02,802.0
2023-06-08 11:00:00,16.4,11.440000000000001,4.96,496.0
2023-06-08 12:00:00,16.4,10.940000000000001,5.46,546.0
2023-06-08 09:30:00,0.0,0.0,0.0,
2023-06-09 11:00:00,17.17,18.887,-1.72,-171.7
2023-06-09 12:00:00,17.17,18.887,-1.72,-171.7
2023-06-09 13:00:00,17.17,18.887,-1.72,-171.7
2023-06-09 14:00:00,17.17,18.887,-1.72,-171.7
2023-06-09 15:00:00,17.17,18.887,-1.72,-171.7
2023-06-12 11:00:00,16.1,13.959999999999999,2.14,214.0
2023-06-12 12:00:00,16.1,15.579999999999998,0.52,52.0
2023-06-12 13:00:00,16.1,17.71,-1.61,-161.0
2023-06-12 14:00:00,16.1,17.71,-1.61,-161.0
2023-06-12 15:00:00,16.1,17.71,-1.61,-161.0
2023-06-13 11:00:00,21.700000000000003,23.870000000000005,-2.17,-217.0
2023-06-13 12:00:00,21.700000000000003,23.870000000000005,-2.17,-217.0
2023-06-13 13:00:00,21.700000000000003,23.870000000000005,-2.17,-217.0
2023-06-13 14:00:00,21.700000000000003,23.870000000000005,-2.17,-217.0
2023-06-13 15:00:00,21.700000000000003,23.870000000000005,-2.17,-217.0
2023-06-14 11:00:00,31.3,31.0,0.3,30.0
2023-06-14 12:00:00,31.3,29.400000000000002,1.9,190.0
2023-06-14 13:00:00,31.3,29.900000000000002,1.4,140.0
2023-06-14 14:00:00,31.3,34.43000000000001,-3.13,-313.0
2023-06-14 15:00:00,31.3,34.43000000000001,-3.13,-313.0
2023-06-15 11:00:00,20.2,15.700000000000001,4.5,450.0
2023-06-15 09:30:00,0.0,0.0,0.0,
2023-06-16 11:00:00,22.4,24.64,-2.24,-224.0
2023-06-16 12:00:00,22.4,24.64,-2.24,-224.0
2023-06-16 13:00:00,22.4,24.64,-2.24,-224.0
2023-06-16 14:00:00,22.4,24.64,-2.24,-224.0
2023-06-16 15:00:00,22.4,24.64,-2.24,-224.0
2023-06-20 11:00:00,16.8,18.48,-1.68,-168.0
2023-06-20 12:00:00,16.8,18.48,-1.68,-168.0
2023-06-20 13:00:00,16.8,18.48,-1.68,-168.0
2023-06-20 14:00:00,16.8,18.48,-1.68,-168.0
2023-06-20 15:00:00,16.8,18.48,-1.68,-168.0
2023-06-21 11:00:00,18.6,20.46,-1.86,-186.0
2023-06-21 12:00:00,18.6,20.46,-1.86,-186.0
2023-06-21 13:00:00,18.6,20.46,-1.86,-186.0
2023-06-21 14:00:00,18.6,20.46,-1.86,-186.0
2023-06-21 15:00:00,18.6,20.46,-1.86,-186.0
2023-06-22 11:00:00,17.3,19.03,-1.73,-173.0
2023-06-22 12:00:00,17.3,19.03,-1.73,-173.0
2023-06-22 13:00:00,17.3,19.03,-1.73,-173.0
2023-06-22 14:00:00,17.3,19.03,-1.73,-173.0
2023-06-22 15:00:00,17.3,19.03,-1.73,-173.0
2023-06-23 11:00:00,17.1,18.810000000000002,-1.71,-171.0
2023-06-23 12:00:00,17.1,18.810000000000002,-1.71,-171.0
2023-06-23 13:00:00,17.1,18.810000000000002,-1.71,-171.0
2023-06-23 14:00:00,17.1,18.810000000000002,-1.71,-171.0
2023-06-23 15:00:00,17.1,18.810000000000002,-1.71,-171.0
2023-06-26 11:00:00,16.33,17.963,-1.63,-163.3
2023-06-26 12:00:00,16.33,17.963,-1.63,-163.3
2023-06-26 13:00:00,16.33,17.963,-1.63,-163.3
2023-06-26 14:00:00,16.33,17.963,-1.63,-163.3
2023-06-26 15:00:00,16.33,17.963,-1.63,-163.3
2023-06-27 11:00:00,16.0,17.6,-1.6,-160.0
2023-06-27 12:00:00,16.0,17.6,-1.6,-160.0
2023-06-27 13:00:00,16.0,17.6,-1.6,-160.0
2023-06-27 14:00:00,16.0,17.6,-1.6,-160.0
2023-06-27 09:30:00,0.0,0.0,0.0,
2023-06-28 11:00:00,15.850000000000001,17.435000000000002,-1.59,-158.5
2023-06-28 12:00:00,15.850000000000001,17.435000000000002,-1.59,-158.5
2023-06-28 13:00:00,15.850000000000001,17.435000000000002,-1.59,-158.5
2023-06-28 14:00:00,15.850000000000001,17.435000000000002,-1.59,-158.5
2023-06-28 15:00:00,15.850000000000001,17.435000000000002,-1.59,-158.5
2023-06-29 11:00:00,17.93,19.723000000000003,-1.79,-179.3
2023-06-29 12:00:00,17.93,19.723000000000003,-1.79,-179.3
2023-06-29 13:00:00,17.93,19.723000000000003,-1.79,-179.3
2023-06-29 14:00:00,17.93,19.723000000000003,-1.79,-179.3
2023-06-29 15:00:00,17.93,19.723000000000003,-1.79,-179.3
2023-06-30 11:00:00,19.23,21.153000000000002,-1.92,-192.3
2023-06-30 12:00:00,19.23,21.153000000000002,-1.92,-192.3
2023-06-30 13:00:00,19.23,21.153000000000002,-1.92,-192.3
2023-06-30 14:00:00,19.23,21.153000000000002,-1.92,-192.3
2023-06-30 15:00:00,19.23,21.153000000000002,-1.92,-192.3
2023-07-03 11:00:00,10.7,8.040000000000001,2.66,266.0
2023-07-03 12:00:00,10.7,8.22,2.48,248.0
2023-07-03 09:30:00,0.0,0.0,0.0,
2023-07-05 11:00:00,14.6,16.060000000000002,-1.46,-146.0
2023-07-05 12:00:00,14.6,16.060000000000002,-1.46,-146.0
2023-07-05 13:00:00,14.6,16.060000000000002,-1.46,-146.0
2023-07-05 14:00:00,14.6,16.060000000000002,-1.46,-146.0
2023-07-05 15:00:00,14.6,16.060000000000002,-1.46,-146.0
2023-07-06 11:00:00,19.4,21.340000000000003,-1.94,-194.0
2023-07-06 12:00:00,19.4,21.340000000000003,-1.94,-194.0
2023-07-06 13:00:00,19.4,21.340000000000003,-1.94,-194.0
2023-07-06 14:00:00,19.4,21.340000000000003,-1.94,-194.0
2023-07-06 15:00:00,19.4,21.340000000000003,-1.94,-194.0
2023-07-07 11:00:00,15.98,13.898000000000001,2.08,208.2
2023-07-07 12:00:00,15.98,15.428,0.55,55.2
2023-07-07 13:00:00,15.98,17.578000000000003,-1.6,-159.8
2023-07-07 14:00:00,15.98,17.578000000000003,-1.6,-159.8
2023-07-07 15:00:00,15.98,17.578000000000003,-1.6,-159.8
2023-07-10 11:00:00,15.3,16.830000000000002,-1.53,-153.0
2023-07-10 12:00:00,15.3,16.830000000000002,-1.53,-153.0
2023-07-10 13:00:00,15.3,16.830000000000002,-1.53,-153.0
2023-07-10 14:00:00,15.3,16.830000000000002,-1.53,-153.0
2023-07-10 15:00:00,15.3,16.830000000000002,-1.53,-153.0
2023-07-11 11:00:00,15.5,17.05,-1.55,-155.0
2023-07-11 12:00:00,15.5,17.05,-1.55,-155.0
2023-07-11 13:00:00,15.5,17.05,-1.55,-155.0
2023-07-11 14:00:00,15.5,17.05,-1.55,-155.0
2023-07-11 15:00:00,15.5,17.05,-1.55,-155.0
2023-07-12 11:00:00,17.5,15.14,2.36,236.0
2023-07-12 12:00:00,17.5,19.25,-1.75,-175.0
2023-07-12 13:00:00,17.5,19.25,-1.75,-175.0
2023-07-12 14:00:00,17.5,19.25,-1.75,-175.0
2023-07-12 15:00:00,17.5,19.25,-1.75,-175.0
2023-07-13 11:00:00,14.86,14.786000000000001,0.07,7.4
2023-07-13 12:00:00,14.86,13.886,0.97,97.4
2023-07-13 13:00:00,14.86,16.346,-1.49,-148.6
2023-07-13 14:00:00,14.86,16.346,-1.49,-148.6
2023-07-13 15:00:00,14.86,16.346,-1.49,-148.6
2023-07-14 11:00:00,15.3,16.830000000000002,-1.53,-153.0
2023-07-14 12:00:00,15.3,16.830000000000002,-1.53,-153.0
2023-07-14 13:00:00,15.3,16.830000000000002,-1.53,-153.0
2023-07-14 14:00:00,15.3,16.830000000000002,-1.53,-153.0
2023-07-14 15:00:00,15.3,16.830000000000002,-1.53,-153.0
2023-07-17 11:00:00,13.530000000000001,14.883000000000003,-1.35,-135.3
2023-07-17 12:00:00,13.530000000000001,14.883000000000003,-1.35,-135.3
2023-07-17 13:00:00,13.530000000000001,14.883000000000003,-1.35,-135.3
2023-07-17 14:00:00,13.530000000000001,14.883000000000003,-1.35,-135.3
2023-07-17 15:00:00,13.530000000000001,14.883000000000003,-1.35,-135.3
2023-07-18 11:00:00,13.469999999999999,10.280000000000001,3.19,319.0
2023-07-18 12:00:00,13.469999999999999,8.24,5.23,523.0
2023-07-18 13:00:00,13.469999999999999,8.07,5.4,540.0
2023-07-18 14:00:00,13.469999999999999,7.4,6.07,607.0
2023-07-18 15:00:00,13.469999999999999,7.32,6.15,615.0
2023-07-19 11:00:00,14.95,16.445,-1.5,-149.5
2023-07-19 12:00:00,14.95,16.445,-1.5,-149.5
2023-07-19 13:00:00,14.95,16.445,-1.5,-149.5
2023-07-19 14:00:00,14.95,16.445,-1.5,-149.5
2023-07-19 15:00:00,14.95,16.445,-1.5,-149.5
2023-07-20 11:00:00,16.0,17.6,-1.6,-160.0
2023-07-20 12:00:00,16.0,17.6,-1.6,-160.0
2023-07-20 13:00:00,16.0,17.6,-1.6,-160.0
2023-07-20 14:00:00,16.0,17.6,-1.6,-160.0
2023-07-20 15:00:00,16.0,17.6,-1.6,-160.0
2023-07-21 11:00:00,17.05,18.755000000000003,-1.71,-170.5
2023-07-21 12:00:00,17.05,18.755000000000003,-1.71,-170.5
2023-07-21 13:00:00,17.05,18.755000000000003,-1.71,-170.5
2023-07-21 14:00:00,17.05,18.755000000000003,-1.71,-170.5
2023-07-21 15:00:00,17.05,18.755000000000003,-1.71,-170.5
2023-07-24 11:00:00,15.25,16.775000000000002,-1.53,-152.5
2023-07-24 12:00:00,15.25,16.775000000000002,-1.53,-152.5
2023-07-24 09:30:00,0.0,0.0,0.0,
2023-07-25 11:00:00,13.5,14.850000000000001,-1.35,-135.0
2023-07-25 12:00:00,13.5,14.850000000000001,-1.35,-135.0
2023-07-25 13:00:00,13.5,14.850000000000001,-1.35,-135.0
2023-07-25 14:00:00,13.5,14.850000000000001,-1.35,-135.0
2023-07-25 15:00:00,13.5,14.850000000000001,-1.35,-135.0
2023-07-26 11:00:00,27.04,24.936,2.1,210.4
2023-07-26 12:00:00,27.04,27.636000000000003,-0.6,-59.6
2023-07-26 13:00:00,27.04,24.636000000000003,2.4,240.4
2023-07-26 14:00:00,27.04,25.336000000000002,1.7,170.4
2023-07-26 15:00:00,27.04,29.744,-2.7,-270.4
2023-07-27 11:00:00,14.4,15.840000000000002,-1.44,-144.0
2023-07-27 12:00:00,14.4,15.840000000000002,-1.44,-144.0
2023-07-27 13:00:00,14.4,15.840000000000002,-1.44,-144.0
2023-07-27 14:00:00,14.4,15.840000000000002,-1.44,-144.0
2023-07-27 15:00:00,14.4,15.840000000000002,-1.44,-144.0
2023-07-28 11:00:00,17.2,15.240000000000002,1.96,196.0
2023-07-28 12:00:00,17.2,14.040000000000003,3.16,316.0
2023-07-28 13:00:00,17.2,14.490000000000002,2.71,271.0
2023-07-28 14:00:00,17.2,18.92,-1.72,-172.0
2023-07-28 15:00:00,17.2,18.92,-1.72,-172.0
2023-07-31 11:00:00,16.700000000000003,12.89,3.81,381.0
2023-07-31 12:00:00,16.700000000000003,13.93,2.77,277.0
2023-07-31 13:00:00,16.700000000000003,15.530000000000001,1.17,117.0
2023-07-31 14:00:00,16.700000000000003,13.31,3.39,339.0
2023-07-31 15:00:00,16.700000000000003,11.530000000000001,5.17,517.0
2023-08-01 11:00:00,15.100000000000001,16.61,-1.51,-151.0
2023-08-01 12:00:00,15.100000000000001,16.61,-1.51,-151.0
2023-08-01 13:00:00,15.100000000000001,16.61,-1.51,-151.0
2023-08-01 14:00:00,15.100000000000001,16.61,-1.51,-151.0
2023-08-01 15:00:00,15.100000000000001,16.61,-1.51,-151.0
2023-08-02 11:00:00,19.1,21.01,-1.91,-191.0
2023-08-02 12:00:00,19.1,21.01,-1.91,-191.0
2023-08-02 13:00:00,19.1,21.01,-1.91,-191.0
2023-08-02 14:00:00,19.1,21.01,-1.91,-191.0
2023-08-02 15:00:00,19.1,21.01,-1.91,-191.0
2023-08-03 11:00:00,18.8,20.68,-1.88,-188.0
2023-08-03 12:00:00,18.8,20.68,-1.88,-188.0
2023-08-03 13:00:00,18.8,20.68,-1.88,-188.0
2023-08-03 14:00:00,18.8,20.68,-1.88,-188.0
2023-08-03 15:00:00,18.8,20.68,-1.88,-188.0
2023-08-04 11:00:00,19.4,21.340000000000003,-1.94,-194.0
2023-08-04 12:00:00,19.4,21.340000000000003,-1.94,-194.0
2023-08-04 13:00:00,19.4,21.340000000000003,-1.94,-194.0
2023-08-04 14:00:00,19.4,21.340000000000003,-1.94,-194.0
2023-08-04 15:00:00,19.4,21.340000000000003,-1.94,-194.0
2023-08-07 11:00:00,20.6,22.660000000000004,-2.06,-206.0
2023-08-07 09:30:00,0.0,0.0,0.0,
2023-08-08 11:00:00,20.85,22.935000000000002,-2.09,-208.5
2023-08-08 12:00:00,20.85,22.935000000000002,-2.09,-208.5
2023-08-08 13:00:00,20.85,22.935000000000002,-2.09,-208.5
2023-08-08 14:00:00,20.85,22.935000000000002,-2.09,-208.5
2023-08-08 15:00:00,20.85,22.935000000000002,-2.09,-208.5
2023-08-09 11:00:00,17.9,19.69,-1.79,-179.0
2023-08-09 12:00:00,17.9,19.69,-1.79,-179.0
2023-08-09 13:00:00,17.9,19.69,-1.79,-179.0
2023-08-09 14:00:00,17.9,19.69,-1.79,-179.0
2023-08-09 15:00:00,17.9,19.69,-1.79,-179.0
2023-08-10 11:00:00,21.6,14.21,7.39,739.0
2023-08-10 12:00:00,21.6,12.31,9.29,929.0
2023-08-10 13:00:00,21.6,11.91,9.69,969.0
2023-08-10 14:00:00,21.6,11.71,9.89,989.0
2023-08-10 15:00:00,21.6,11.71,9.89,989.0
2023-08-11 11:00:00,22.96,25.256000000000004,-2.3,-229.6
2023-08-11 12:00:00,22.96,25.256000000000004,-2.3,-229.6
2023-08-11 13:00:00,22.96,25.256000000000004,-2.3,-229.6
2023-08-11 14:00:00,22.96,25.256000000000004,-2.3,-229.6
2023-08-11 15:00:00,22.96,25.256000000000004,-2.3,-229.6
2023-08-14 11:00:00,20.2,15.140000000000002,5.06,506.0
2023-08-14 12:00:00,20.2,14.590000000000002,5.61,561.0
2023-08-14 09:30:00,0.0,0.0,0.0,
2023-08-15 11:00:00,21.64,16.574,5.07,506.6
2023-08-15 12:00:00,21.64,20.534,1.11,110.6
2023-08-15 13:00:00,21.64,13.174000000000001,8.47,846.6
2023-08-15 14:00:00,21.64,12.274000000000001,9.37,936.6
2023-08-15 15:00:00,21.64,11.274000000000001,10.37,1036.6
2023-08-16 11:00:00,20.700000000000003,22.770000000000003,-2.07,-207.0
2023-08-16 12:00:00,20.700000000000003,22.770000000000003,-2.07,-207.0
2023-08-16 13:00:00,20.700000000000003,22.770000000000003,-2.07,-207.0
2023-08-16 14:00:00,20.700000000000003,22.770000000000003,-2.07,-207.0
2023-08-16 15:00:00,20.700000000000003,22.770000000000003,-2.07,-207.0
2023-08-17 11:00:00,21.1,16.66,4.44,444.0
2023-08-17 12:00:00,21.1,14.06,7.04,704.0
2023-08-17 13:00:00,21.1,17.310000000000002,3.79,379.0
2023-08-17 14:00:00,21.1,10.71,10.39,1039.0
2023-08-17 15:00:00,21.1,9.56,11.54,1154.0
2023-08-18 11:00:00,24.9,27.39,-2.49,-249.0
2023-08-18 12:00:00,24.9,27.39,-2.49,-249.0
2023-08-18 13:00:00,24.9,27.39,-2.49,-249.0
2023-08-18 09:30:00,0.0,0.0,0.0,
2023-08-21 11:00:00,20.1,22.110000000000007,-2.01,-201.0
2023-08-21 12:00:00,20.1,22.110000000000007,-2.01,-201.0
2023-08-21 13:00:00,20.1,22.110000000000007,-2.01,-201.0
2023-08-21 14:00:00,20.1,22.110000000000007,-2.01,-201.0
2023-08-21 15:00:00,20.1,22.110000000000007,-2.01,-201.0
2023-08-22 11:00:00,21.6,23.76,-2.16,-216.0
2023-08-22 12:00:00,21.6,23.76,-2.16,-216.0
2023-08-22 13:00:00,21.6,23.76,-2.16,-216.0
2023-08-22 14:00:00,21.6,23.76,-2.16,-216.0
2023-08-22 15:00:00,21.6,23.76,-2.16,-216.0
2023-08-23 11:00:00,20.45,15.115000000000002,5.33,533.5
2023-08-23 09:30:00,0.0,0.0,0.0,
2023-08-24 11:00:00,21.0,10.840000000000002,10.16,1016.0
2023-08-24 12:00:00,21.0,10.490000000000002,10.51,1051.0
2023-08-24 13:00:00,21.0,10.46,10.54,1054.0
2023-08-24 14:00:00,21.0,10.410000000000002,10.59,1059.0
2023-08-24 15:00:00,21.0,10.390000000000002,10.61,1061.0
2023-08-25 11:00:00,33.900000000000006,37.290000000000006,-3.39,-339.0
2023-08-25 12:00:00,33.900000000000006,37.290000000000006,-3.39,-339.0
2023-08-25 13:00:00,33.900000000000006,37.290000000000006,-3.39,-339.0
2023-08-25 14:00:00,33.900000000000006,37.290000000000006,-3.39,-339.0
2023-08-25 15:00:00,33.900000000000006,37.290000000000006,-3.39,-339.0
2023-08-28 11:00:00,20.0,22.0,-2.0,-200.0
2023-08-28 12:00:00,20.0,22.0,-2.0,-200.0
2023-08-28 13:00:00,20.0,22.0,-2.0,-200.0
2023-08-28 14:00:00,20.0,22.0,-2.0,-200.0
2023-08-28 15:00:00,20.0,22.0,-2.0,-200.0
2023-08-29 11:00:00,19.6,21.560000000000002,-1.96,-196.0
2023-08-29 12:00:00,19.6,21.560000000000002,-1.96,-196.0
2023-08-29 13:00:00,19.6,21.560000000000002,-1.96,-196.0
2023-08-29 09:30:00,0.0,0.0,0.0,
2023-08-30 11:00:00,20.5,15.73,4.77,477.0
2023-08-30 12:00:00,20.5,16.080000000000002,4.42,442.0
2023-08-30 13:00:00,20.5,17.53,2.97,297.0
2023-08-30 14:00:00,20.5,13.530000000000001,6.97,697.0
2023-08-30 15:00:00,20.5,13.93,6.57,657.0
2023-08-31 11:00:00,19.6,21.560000000000002,-1.96,-196.0
2023-08-31 12:00:00,19.6,21.560000000000002,-1.96,-196.0
2023-08-31 13:00:00,19.6,21.560000000000002,-1.96,-196.0
2023-08-31 14:00:00,19.6,21.560000000000002,-1.96,-196.0
2023-08-31 15:00:00,19.6,21.560000000000002,-1.96,-196.0
2023-09-01 11:00:00,20.0,22.0,-2.0,-200.0
2023-09-01 12:00:00,20.0,22.0,-2.0,-200.0
2023-09-01 13:00:00,20.0,22.0,-2.0,-200.0
2023-09-01 14:00:00,20.0,22.0,-2.0,-200.0
2023-09-01 15:00:00,20.0,22.0,-2.0,-200.0
2023-09-05 11:00:00,16.799999999999997,18.48,-1.68,-168.0
2023-09-05 12:00:00,16.799999999999997,18.48,-1.68,-168.0
2023-09-05 13:00:00,16.799999999999997,18.48,-1.68,-168.0
2023-09-05 14:00:00,16.799999999999997,18.48,-1.68,-168.0
2023-09-05 15:00:00,16.799999999999997,18.48,-1.68,-168.0
2023-09-06 11:00:00,16.3,17.93,-1.63,-163.0
2023-09-06 12:00:00,16.3,17.93,-1.63,-163.0
2023-09-06 13:00:00,16.3,17.93,-1.63,-163.0
2023-09-06 14:00:00,16.3,17.93,-1.63,-163.0
2023-09-06 15:00:00,16.3,17.93,-1.63,-163.0
2023-09-07 11:00:00,19.060000000000002,20.966,-1.91,-190.6
2023-09-07 12:00:00,19.060000000000002,20.966,-1.91,-190.6
2023-09-07 13:00:00,19.060000000000002,20.966,-1.91,-190.6
2023-09-07 14:00:00,19.060000000000002,20.966,-1.91,-190.6
2023-09-07 15:00:00,19.060000000000002,20.966,-1.91,-190.6
2023-09-08 11:00:00,17.6,19.36,-1.76,-176.0
2023-09-08 12:00:00,17.6,19.36,-1.76,-176.0
2023-09-08 13:00:00,17.6,19.36,-1.76,-176.0
2023-09-08 14:00:00,17.6,19.36,-1.76,-176.0
2023-09-08 15:00:00,17.6,19.36,-1.76,-176.0
2023-09-11 11:00:00,16.2,17.82,-1.62,-162.0
2023-09-11 12:00:00,16.2,17.82,-1.62,-162.0
2023-09-11 13:00:00,16.2,17.82,-1.62,-162.0
2023-09-11 14:00:00,16.2,17.82,-1.62,-162.0
2023-09-11 15:00:00,16.2,17.82,-1.62,-162.0
2023-09-12 11:00:00,14.91,9.891,5.02,501.9
2023-09-12 12:00:00,14.91,11.391,3.52,351.9
2023-09-12 13:00:00,14.91,11.190999999999999,3.72,371.9
2023-09-12 14:00:00,14.91,16.401,-1.49,-149.1
2023-09-12 15:00:00,14.91,16.401,-1.49,-149.1
2023-09-13 11:00:00,18.5,20.35,-1.85,-185.0
2023-09-13 12:00:00,18.5,20.35,-1.85,-185.0
2023-09-13 13:00:00,18.5,20.35,-1.85,-185.0
2023-09-13 14:00:00,18.5,20.35,-1.85,-185.0
2023-09-13 15:00:00,18.5,20.35,-1.85,-185.0
2023-09-14 11:00:00,16.439999999999998,18.084,-1.64,-164.4
2023-09-14 12:00:00,16.439999999999998,18.084,-1.64,-164.4
2023-09-14 13:00:00,16.439999999999998,18.084,-1.64,-164.4
2023-09-14 14:00:00,16.439999999999998,18.084,-1.64,-164.4
2023-09-14 09:30:00,0.0,0.0,0.0,
2023-09-15 11:00:00,17.5,19.25,-1.75,-175.0
2023-09-15 12:00:00,17.5,19.25,-1.75,-175.0
2023-09-15 13:00:00,17.5,19.25,-1.75,-175.0
2023-09-15 14:00:00,17.5,19.25,-1.75,-175.0
2023-09-15 15:00:00,17.5,19.25,-1.75,-175.0
2023-09-18 11:00:00,16.5,18.150000000000002,-1.65,-165.0
2023-09-18 12:00:00,16.5,18.150000000000002,-1.65,-165.0
2023-09-18 13:00:00,16.5,18.150000000000002,-1.65,-165.0
2023-09-18 14:00:00,16.5,18.150000000000002,-1.65,-165.0
2023-09-18 15:00:00,16.5,18.150000000000002,-1.65,-165.0
2023-09-19 11:00:00,15.799999999999999,17.38,-1.58,-158.0
2023-09-19 12:00:00,15.799999999999999,17.38,-1.58,-158.0
2023-09-19 13:00:00,15.799999999999999,17.38,-1.58,-158.0
2023-09-19 14:00:00,15.799999999999999,17.38,-1.58,-158.0
2023-09-19 15:00:00,15.799999999999999,17.38,-1.58,-158.0
2023-09-20 11:00:00,26.6,29.260000000000005,-2.66,-266.0
2023-09-20 12:00:00,26.6,29.260000000000005,-2.66,-266.0
2023-09-20 13:00:00,26.6,29.260000000000005,-2.66,-266.0
2023-09-20 14:00:00,26.6,29.260000000000005,-2.66,-266.0
2023-09-20 15:00:00,26.6,29.260000000000005,-2.66,-266.0
2023-09-21 11:00:00,22.1,21.14,0.96,96.0
2023-09-21 12:00:00,22.1,21.14,0.96,96.0
2023-09-21 13:00:00,22.1,24.310000000000002,-2.21,-221.0
2023-09-21 14:00:00,22.1,24.310000000000002,-2.21,-221.0
2023-09-21 15:00:00,22.1,24.310000000000002,-2.21,-221.0
2023-09-22 11:00:00,21.05,16.675,4.37,437.5
2023-09-22 12:00:00,21.05,17.675,3.37,337.5
2023-09-22 09:30:00,0.0,0.0,0.0,
2023-09-25 11:00:00,21.9,15.870000000000001,6.03,603.0
2023-09-25 12:00:00,21.9,24.09,-2.19,-219.0
2023-09-25 13:00:00,21.9,24.09,-2.19,-219.0
2023-09-25 14:00:00,21.9,24.09,-2.19,-219.0
2023-09-25 15:00:00,21.9,24.09,-2.19,-219.0
2023-09-26 11:00:00,23.759999999999998,19.646,4.11,411.4
2023-09-26 12:00:00,23.759999999999998,15.646,8.11,811.4
2023-09-26 13:00:00,23.759999999999998,15.446,8.31,831.4
2023-09-26 14:00:00,23.759999999999998,12.396,11.36,1136.4
2023-09-26 15:00:00,23.759999999999998,10.996,12.76,1276.4
2023-09-27 11:00:00,23.72,16.47,7.25,725.0
2023-09-27 12:00:00,23.72,13.67,10.05,1005.0
2023-09-27 13:00:00,23.72,12.22,11.5,1150.0
2023-09-27 14:00:00,23.72,10.94,12.78,1278.0
2023-09-27 15:00:00,23.72,14.67,9.05,905.0
2023-09-28 11:00:00,27.0,26.9,0.1,10.0
2023-09-28 12:00:00,27.0,29.700000000000003,-2.7,-270.0
2023-09-28 13:00:00,27.0,29.700000000000003,-2.7,-270.0
2023-09-28 14:00:00,27.0,29.700000000000003,-2.7,-270.0
2023-09-28 09:30:00,0.0,0.0,0.0,
